"germination_position_ID","germination_seedling_ID","species","functional_group","date_measurement","date_sowing","collector","seed_origin","height_vegetative_str","leaf_length1","leaf_length2","leaf_length3","number_leaves","dry_mass"
"CHE.hi.exp2.warm.vege.01.091","CHE.hi.exp2.warm.vege.01.091.1","silvul","forb",2023-09-04,2022-10-10,"EI","collected",5,5,2,1,5,NA
"CHE.hi.exp2.warm.vege.01.107","CHE.hi.exp2.warm.vege.01.107.1","silvul","forb",2023-09-04,2022-10-10,"EI","collected",7,6,6,5,4,0.001
"CHE.hi.exp2.warm.vege.01.074","CHE.hi.exp2.warm.vege.01.074.1","silvul","forb",2023-09-04,2022-10-10,"EI","collected",8,6,5,2,4,1e-04
"CHE.hi.exp2.warm.vege.01.023","CHE.hi.exp2.warm.vege.01.023.1","silvul","forb",2023-09-04,2022-10-10,"EI","collected",8,4,5,5,6,0.0021
"CHE.hi.exp2.warm.bare.01.015","CHE.hi.exp2.warm.bare.01.015.1","medlup","legume",2023-09-05,2022-10-10,"EI","collected",18,8,6,6,5,0.0202
"CHE.hi.exp2.warm.bare.01.018","CHE.hi.exp2.warm.bare.01.018.1","medlup","legume",2023-09-05,2022-10-10,"EI","collected",16,4,4,4,3,0.0063
"CHE.hi.exp2.warm.bare.01.057","CHE.hi.exp2.warm.bare.01.057.1","medlup","legume",2023-09-05,2022-10-10,"EI","collected",3,11,12,12,6,0.0529
"CHE.hi.exp2.warm.bare.01.060","CHE.hi.exp2.warm.bare.01.060.1","medlup","legume",2023-09-05,2022-10-10,"EI","collected",32,7,6,7,5,0.0228
"CHE.hi.exp2.warm.bare.01.079","CHE.hi.exp2.warm.bare.01.079.1","medlup","legume",2023-09-05,2022-10-10,"EI","collected",38,10,9,10,5,0.0371
"CHE.hi.exp2.warm.bare.01.084","CHE.hi.exp2.warm.bare.01.084.1","medlup","legume",2023-09-05,2022-10-10,"EI","collected",37,10,9,7,5,0.0304
"CHE.hi.exp2.warm.bare.01.102","CHE.hi.exp2.warm.bare.01.102.1","medlup","legume",2023-09-05,2022-10-10,"EI","collected",36,7,8,9,6,0.0365
"CHE.hi.exp2.warm.bare.01.121","CHE.hi.exp2.warm.bare.01.121.1","medlup","legume",2023-09-05,2022-10-10,"EI","collected",32,8,8,5,5,0.0178
"CHE.hi.exp2.warm.bare.01.023","CHE.hi.exp2.warm.bare.01.023.1","silvul","forb",2023-09-05,2022-10-10,"EI","collected",7,5,5,5,8,0.0079
"CHE.hi.exp2.warm.bare.01.032","CHE.hi.exp2.warm.bare.01.032.1","silvul","forb",2023-09-05,2022-10-10,"EI","collected",6,5,5,4,6,0.0025
"CHE.hi.exp2.warm.bare.01.033","CHE.hi.exp2.warm.bare.01.033.1","silvul","forb",2023-09-05,2022-10-10,"EI","collected",6,6,5,6,4,0.0026
"CHE.hi.exp2.warm.bare.01.007","CHE.hi.exp2.warm.bare.01.007.1","silvul","forb",2023-09-05,2022-10-10,"EI","collected",9,8,7,7,6,0.0058
"CHE.hi.exp2.warm.bare.01.107","CHE.hi.exp2.warm.bare.01.107.1","silvul","forb",2023-09-05,2022-10-10,"EI","collected",29,21,20,21,14,0.0539
"CHE.hi.exp2.warm.bare.01.046","CHE.hi.exp2.warm.bare.01.046.1","silvul","forb",2023-09-05,2022-10-10,"EI","collected",17,17,16,17,8,0.0113
"CHE.hi.exp2.warm.bare.01.049","CHE.hi.exp2.warm.bare.01.049.1","silvul","forb",2023-09-05,2022-10-10,"EI","collected",8,6,7,6,6,0.0034
"CHE.hi.exp2.warm.bare.01.091","CHE.hi.exp2.warm.bare.01.091.1","silvul","forb",2023-09-05,2022-10-10,"EI","collected",8,8,7,7,6,0.0063
"CHE.hi.exp2.warm.bare.01.012","CHE.hi.exp2.warm.bare.01.012.1","cenjac","forb",2023-09-05,2022-10-10,"EI","commercial",36,33,26,27,5,0.0261
"CHE.hi.exp2.warm.bare.01.028","CHE.hi.exp2.warm.bare.01.028.1","cenjac","forb",2023-09-05,2022-10-10,"EI","commercial",32,26,25,24,7,0.0396
"CHE.hi.exp2.warm.bare.01.038","CHE.hi.exp2.warm.bare.01.038.1","cenjac","forb",2023-09-05,2022-10-10,"EI","commercial",21,18,16,12,6,0.0127
"CHE.hi.exp2.warm.bare.01.042","CHE.hi.exp2.warm.bare.01.042.1","cenjac","forb",2023-09-05,2022-10-10,"EI","commercial",63,63,52,57,5,0.0573
"CHE.hi.exp2.warm.bare.01.096","CHE.hi.exp2.warm.bare.01.096.1","cenjac","forb",2023-09-05,2022-10-10,"EI","commercial",29,27,25,26,4,0.0181
"CHE.hi.exp2.warm.bare.01.080","CHE.hi.exp2.warm.bare.01.080.1","cenjac","forb",2023-09-05,2022-10-10,"EI","commercial",45,45,45,36,7,0.0541
"CHE.hi.exp2.warm.bare.01.080","CHE.hi.exp2.warm.bare.01.080.2","cenjac","forb",2023-09-05,2022-10-10,"EI","commercial",43,40,40,41,4,0.0392
"CHE.hi.exp2.warm.vege.01.005","CHE.hi.exp2.warm.vege.01.005.1","brapin","graminoid",2023-09-04,2022-10-10,"EI","collected",61,56,44,32,3,0.0052
"CHE.hi.exp2.warm.vege.01.039","CHE.hi.exp2.warm.vege.01.039.1","brapin","graminoid",2023-09-04,2022-10-10,"EI","collected",65,56,46,19,3,0.0031
"CHE.hi.exp2.warm.vege.01.085","CHE.hi.exp2.warm.vege.01.085.1","brapin","graminoid",2023-09-04,2022-10-10,"EI","collected",51,44,34,NA,2,0.0028
"CHE.hi.exp2.warm.vege.01.028","CHE.hi.exp2.warm.vege.01.028.1","cenjac","forb",2023-09-04,2022-10-10,"EI","commercial",45,41,31,20,3,0.0042
"CHE.hi.exp2.warm.vege.01.038","CHE.hi.exp2.warm.vege.01.038.1","cenjac","forb",2023-09-04,2022-10-10,"EI","commercial",27,27,18,NA,2,0.0018
"CHE.hi.exp2.warm.vege.01.028","CHE.hi.exp2.warm.vege.01.028.2","cenjac","forb",2023-09-04,2022-10-10,"EI","commercial",30,29,28,NA,2,0.0026
"CHE.hi.exp2.warm.vege.01.070","CHE.hi.exp2.warm.vege.01.070.1","cenjac","forb",2023-09-04,2022-10-10,"EI","commercial",32,32,22,NA,2,0.0019
"CHE.hi.exp2.warm.vege.01.054","CHE.hi.exp2.warm.vege.01.054.1","cenjac","forb",2023-09-04,2022-10-10,"EI","commercial",42,42,28,18,3,0.0034
"CHE.hi.exp2.warm.vege.01.080","CHE.hi.exp2.warm.vege.01.080.1","cenjac","forb",2023-09-04,2022-10-10,"EI","commercial",24,23,22,NA,2,0.0012
"CHE.hi.exp2.warm.vege.01.096","CHE.hi.exp2.warm.vege.01.096.1","cenjac","forb",2023-09-04,2022-10-10,"EI","commercial",29,27,22,13,3,0.003
"CHE.hi.exp2.warm.bare.01.017","CHE.hi.exp2.warm.bare.01.017.1","daucar","forb",2023-09-05,2022-10-10,"EI","collected",24,23,23,21,5,0.0314
"CHE.hi.exp2.warm.bare.01.020","CHE.hi.exp2.warm.bare.01.020.1","daucar","forb",2023-09-05,2022-10-10,"EI","collected",32,30,32,27,4,0.0187
"CHE.hi.exp2.warm.bare.01.062","CHE.hi.exp2.warm.bare.01.062.2","daucar","forb",2023-09-05,2022-10-10,"EI","collected",40,38,37,37,6,0.0271
"CHE.hi.exp2.warm.bare.01.082","CHE.hi.exp2.warm.bare.01.082.1","daucar","forb",2023-09-05,2022-10-10,"EI","collected",40,36,35,30,7,0.0638
"CHE.hi.exp2.warm.bare.01.059","CHE.hi.exp2.warm.bare.01.059.1","daucar","forb",2023-09-05,2022-10-10,"EI","collected",56,52,51,45,5,0.064
"CHE.hi.exp2.warm.bare.01.062","CHE.hi.exp2.warm.bare.01.062.1","daucar","forb",2023-09-05,2022-10-10,"EI","collected",72,72,70,64,6,0.1366
"CHE.hi.exp2.warm.bare.01.104","CHE.hi.exp2.warm.bare.01.104.1","daucar","forb",2023-09-05,2022-10-10,"EI","collected",28,27,21,22,6,0.012
"CHE.hi.exp2.warm.vege.01.009","CHE.hi.exp2.warm.vege.01.009.1","plamed","forb",2023-09-04,2022-10-10,"EI","collected",12,6,10,5,3,3e-04
"CHE.hi.exp2.warm.vege.01.021","CHE.hi.exp2.warm.vege.01.021.1","plamed","forb",2023-09-04,2022-10-10,"EI","collected",8,7,4,2,3,2e-04
"CHE.hi.exp2.warm.vege.01.066","CHE.hi.exp2.warm.vege.01.066.1","plamed","forb",2023-09-04,2022-10-10,"EI","collected",10,9,7,4,3,2e-04
"CHE.hi.exp2.warm.vege.01.045","CHE.hi.exp2.warm.vege.01.045.1","plamed","forb",2023-09-04,2022-10-10,"EI","collected",13,10,11,7,4,6e-04
"CHE.hi.exp2.warm.vege.01.087","CHE.hi.exp2.warm.vege.01.087.1","plamed","forb",2023-09-04,2022-10-10,"EI","collected",13,11,10,NA,2,2e-04
"CHE.hi.exp2.warm.vege.01.093","CHE.hi.exp2.warm.vege.01.093.1","plamed","forb",2023-09-04,2022-10-10,"EI","collected",11,11,NA,NA,1,NA
"CHE.hi.exp2.warm.vege.01.108","CHE.hi.exp2.warm.vege.01.108.2","plamed","forb",2023-09-04,2022-10-10,"EI","collected",9,7,7,NA,2,NA
"CHE.hi.exp2.warm.vege.01.108","CHE.hi.exp2.warm.vege.01.108.1","plamed","forb",2023-09-04,2022-10-10,"EI","collected",12,10,7,NA,2,NA
"CHE.hi.exp2.warm.bare.01.123","CHE.hi.exp2.warm.bare.01.123.1","brapin","graminoid",2023-09-05,2022-10-10,"EI","collected",28,20,21,18,4,0.0062
"CHE.hi.exp2.warm.bare.01.123","CHE.hi.exp2.warm.bare.01.123.2","brapin","graminoid",2023-09-05,2022-10-10,"EI","collected",24,18,10,6,4,0.0035
"CHE.hi.exp2.warm.bare.01.051","CHE.hi.exp2.warm.bare.01.051.1","plamed","forb",2023-09-05,2022-10-10,"EI","collected",6,6,5,6,6,0.009
"CHE.hi.exp2.warm.bare.01.051","CHE.hi.exp2.warm.bare.01.051.2","plamed","forb",2023-09-05,2022-10-10,"EI","collected",8,8,8,7,6,0.0122
"CHE.hi.exp2.warm.vege.01.041","CHE.hi.exp2.warm.vege.01.041.1","salpra","forb",2023-09-04,2022-10-10,"EI","collected",12,11,9,7,4,0.0027
"CHE.hi.exp2.warm.vege.01.044","CHE.hi.exp2.warm.vege.01.044.1","salpra","forb",2023-09-04,2022-10-10,"EI","collected",13,12,8,10,4,0.0013
"CHE.hi.exp2.warm.vege.01.121","CHE.hi.exp2.warm.vege.01.121.1","medlup","legume",2023-09-04,2022-10-10,"EI","collected",15,4,3,NA,2,8e-04
"CHE.hi.exp2.warm.vege.01.037","CHE.hi.exp2.warm.vege.01.037.1","medlup","legume",2023-09-04,2022-10-10,"EI","collected",15,4,5,NA,2,0.0021
"CHE.hi.exp2.warm.vege.01.018","CHE.hi.exp2.warm.vege.01.018.1","medlup","legume",2023-09-04,2022-10-10,"EI","collected",10,3,2,NA,3,0.0019
"CHE.hi.exp2.warm.vege.01.102","CHE.hi.exp2.warm.vege.01.102.1","medlup","legume",2023-09-04,2022-10-10,"EI","collected",15,2,1,NA,2,1e-04
"CHE.hi.exp2.warm.vege.01.084","CHE.hi.exp2.warm.vege.01.084.1","medlup","legume",2023-09-04,2022-10-10,"EI","collected",35,5,5,NA,2,0.0023
"CHE.hi.exp2.warm.vege.01.060","CHE.hi.exp2.warm.vege.01.060.1","medlup","legume",2023-09-04,2022-10-10,"EI","collected",20,2,NA,NA,1,0.001
"CHE.hi.exp2.warm.vege.01.057","CHE.hi.exp2.warm.vege.01.057.1","medlup","legume",2023-09-04,2022-10-10,"EI","collected",23,3,4,NA,2,0.0016
"CHE.hi.exp2.warm.vege.01.013","CHE.hi.exp2.warm.vege.01.013.1","broere","graminoid",2023-09-04,2022-10-10,"EI","commercial",40,33,30,NA,2,4e-04
"CHE.hi.exp2.warm.vege.01.030","CHE.hi.exp2.warm.vege.01.030.1","broere","graminoid",2023-09-04,2022-10-10,"EI","commercial",80,63,46,24,3,0.0051
"CHE.hi.exp2.warm.vege.01.072","CHE.hi.exp2.warm.vege.01.072.1","broere","graminoid",2023-09-04,2022-10-10,"EI","commercial",107,54,87,75,3,0.0107
"CHE.hi.exp2.warm.vege.01.090","CHE.hi.exp2.warm.vege.01.090.1","scacol","forb",2023-09-04,2022-10-10,"EI","collected",14,13,11,11,4,0.0021
"CHE.hi.exp2.warm.bare.01.002","CHE.hi.exp2.warm.bare.01.002.1","salpra","forb",2023-09-05,2022-10-10,"EI","collected",16,13,12,12,6,0.0188
"CHE.hi.exp2.warm.bare.01.041","CHE.hi.exp2.warm.bare.01.041.1","salpra","forb",2023-09-05,2022-10-10,"EI","collected",15,14,15,NA,2,0.0049
"CHE.hi.exp2.warm.bare.01.044","CHE.hi.exp2.warm.bare.01.044.1","salpra","forb",2023-09-05,2022-10-10,"EI","collected",20,17,15,16,8,0.0393
"CHE.hi.exp2.warm.vege.01.017","CHE.hi.exp2.warm.vege.01.017.1","daucar","forb",2023-09-04,2022-10-10,"EI","collected",26,21,18,NA,2,0.002
"CHE.hi.exp2.warm.vege.01.020","CHE.hi.exp2.warm.vege.01.020.1","daucar","forb",2023-09-04,2022-10-10,"EI","collected",19,13,12,NA,2,NA
"CHE.hi.exp2.warm.vege.01.040","CHE.hi.exp2.warm.vege.01.040.1","daucar","forb",2023-09-04,2022-10-10,"EI","collected",23,17,2,NA,2,1e-04
"CHE.hi.exp2.warm.vege.01.082","CHE.hi.exp2.warm.vege.01.082.1","daucar","forb",2023-09-04,2022-10-10,"EI","collected",13,10,12,NA,2,NA
"CHE.hi.exp2.warm.vege.01.101","CHE.hi.exp2.warm.vege.01.101.1","daucar","forb",2023-09-04,2022-10-10,"EI","collected",44,35,20,20,3,0.0017
"CHE.hi.exp2.warm.vege.01.104","CHE.hi.exp2.warm.vege.01.104.1","daucar","forb",2023-09-04,2022-10-10,"EI","collected",23,20,12,NA,2,NA
"CHE.hi.exp2.warm.vege.01.125","CHE.hi.exp2.warm.vege.01.125.1","daucar","forb",2023-09-04,2022-10-10,"EI","collected",22,14,16,NA,2,2e-04
"CHE.lo.exp2.ambi.vege.01.106","CHE.lo.exp2.ambi.vege.01.106.2","scacol","forb",2023-09-04,2022-10-10,"EI","collected",64,62,46,43,4,0.0242
"CHE.lo.exp2.ambi.vege.01.119","CHE.lo.exp2.ambi.vege.01.119.1","scacol","forb",2023-09-04,2022-10-10,"EI","collected",106,94,89,81,7,0.2478
"CHE.lo.exp2.ambi.vege.01.113","CHE.lo.exp2.ambi.vege.01.113.1","scacol","forb",2023-09-04,2022-10-10,"EI","collected",98,52,58,56,12,0.3056
"CHE.lo.exp2.ambi.vege.01.106","CHE.lo.exp2.ambi.vege.01.106.1","scacol","forb",2023-09-04,2022-10-10,"EI","collected",141,94,102,75,18,0.8909
"CHE.lo.exp2.ambi.vege.01.003","CHE.lo.exp2.ambi.vege.01.003.1","plamed","forb",2023-09-04,2022-10-10,"EI","collected",17,16,10,7,3,6e-04
"CHE.lo.exp2.ambi.vege.01.008","CHE.lo.exp2.ambi.vege.01.008.1","plamed","forb",2023-09-04,2022-10-10,"EI","collected",14,13,4,NA,2,1e-04
"CHE.lo.exp2.ambi.vege.01.009","CHE.lo.exp2.ambi.vege.01.009.1","plamed","forb",2023-09-04,2022-10-10,"EI","collected",11,11,10,7,3,0.001
"CHE.lo.exp2.ambi.vege.01.021","CHE.lo.exp2.ambi.vege.01.021.1","plamed","forb",2023-09-04,2022-10-10,"EI","collected",9,8,4,NA,2,1e-04
"CHE.lo.exp2.ambi.vege.01.024","CHE.lo.exp2.ambi.vege.01.024.1","plamed","forb",2023-09-04,2022-10-10,"EI","collected",14,13,8,3,3,1e-04
"CHE.lo.exp2.ambi.vege.01.093","CHE.lo.exp2.ambi.vege.01.093.1","plamed","forb",2023-09-04,2022-10-10,"EI","collected",10,10,NA,NA,1,1e-04
"CHE.lo.exp2.ambi.vege.01.092","CHE.lo.exp2.ambi.vege.01.092.1","plamed","forb",2023-09-04,2022-10-10,"EI","collected",10,8,8,7,3,NA
"CHE.lo.exp2.ambi.vege.01.105","CHE.lo.exp2.ambi.vege.01.105.1","plamed","forb",2023-09-04,2022-10-10,"EI","collected",16,16,15,NA,2,0.0013
"CHE.lo.exp2.ambi.vege.01.010","CHE.lo.exp2.ambi.vege.01.010.1","salpra","forb",2023-09-04,2022-10-10,"EI","collected",18,17,13,NA,2,0.0014
"CHE.lo.exp2.ambi.vege.01.019","CHE.lo.exp2.ambi.vege.01.019.1","salpra","forb",2023-09-04,2022-10-10,"EI","collected",15,15,NA,NA,1,0.001
"CHE.lo.exp2.ambi.vege.01.041","CHE.lo.exp2.ambi.vege.01.041.1","salpra","forb",2023-09-04,2022-10-10,"EI","collected",12,12,10,8,3,0.0014
"CHE.lo.exp2.ambi.vege.01.086","CHE.lo.exp2.ambi.vege.01.086.1","salpra","forb",2023-09-04,2022-10-10,"EI","collected",17,15,15,12,6,0.0032
"CHE.lo.exp2.ambi.vege.01.103","CHE.lo.exp2.ambi.vege.01.103.1","salpra","forb",2023-09-04,2022-10-10,"EI","collected",14,13,12,NA,2,0.0017
"CHE.lo.exp2.ambi.vege.01.001","CHE.lo.exp2.ambi.vege.01.001.1","brapin","graminoid",2023-09-04,2022-10-10,"EI","collected",30,28,17,NA,2,2e-04
"CHE.lo.exp2.ambi.vege.01.107","CHE.lo.exp2.ambi.vege.01.107.1","silvul","forb",2023-09-04,2022-10-10,"EI","collected",23,10,7,10,4,0.0013
"CHE.lo.exp2.ambi.vege.01.055","CHE.lo.exp2.ambi.vege.01.055.1","broere","graminoid",2023-09-04,2022-10-10,"EI","commercial",113,90,59,NA,2,0.0076
"CHE.lo.exp2.ambi.vege.01.111","CHE.lo.exp2.ambi.vege.01.111.1","broere","graminoid",2023-09-04,2022-10-10,"EI","commercial",92,80,30,NA,2,0.0031
"CHE.lo.exp2.ambi.vege.01.040","CHE.lo.exp2.ambi.vege.01.040.1","daucar","forb",2023-09-04,2022-10-10,"EI","collected",26,13,13,11,3,1e-04
"CHE.lo.exp2.ambi.vege.01.124","CHE.lo.exp2.ambi.vege.01.124.1","daucar","forb",2023-09-04,2022-10-10,"EI","collected",35,21,16,18,3,0.0012
"CHE.lo.exp2.ambi.vege.01.012","CHE.lo.exp2.ambi.vege.01.012.1","cenjac","forb",2023-09-04,2022-10-10,"EI","commercial",76,74,55,36,3,0.0179
"CHE.lo.exp2.ambi.vege.01.012","CHE.lo.exp2.ambi.vege.01.012.2","cenjac","forb",2023-09-04,2022-10-10,"EI","commercial",47,46,21,25,3,0.0056
"CHE.lo.exp2.ambi.vege.01.028","CHE.lo.exp2.ambi.vege.01.028.1","cenjac","forb",2023-09-04,2022-10-10,"EI","commercial",39,39,31,NA,2,0.0027
"CHE.lo.exp2.ambi.vege.01.042","CHE.lo.exp2.ambi.vege.01.042.1","cenjac","forb",2023-09-04,2022-10-10,"EI","commercial",67,65,43,31,3,0.0108
"CHE.lo.exp2.ambi.vege.01.080","CHE.lo.exp2.ambi.vege.01.080.1","cenjac","forb",2023-09-04,2022-10-10,"EI","commercial",24,24,NA,NA,1,0.0019
"CHE.lo.exp2.ambi.vege.01.037","CHE.lo.exp2.ambi.vege.01.037.1","medlup","legume",2023-09-04,2022-10-10,"EI","collected",27,4,3,NA,3,0.0022
"CHE.lo.exp2.ambi.vege.01.102","CHE.lo.exp2.ambi.vege.01.102.1","medlup","legume",2023-09-04,2022-10-10,"EI","collected",39,5,2,NA,2,0.0025
"CHE.lo.exp2.ambi.bare.01.013","CHE.lo.exp2.ambi.bare.01.013.1","broere","graminoid",2023-09-04,2022-10-10,"EI","commercial",134,104,110,74,5,0.0377
"CHE.lo.exp2.ambi.bare.01.013","CHE.lo.exp2.ambi.bare.01.013.2","broere","graminoid",2023-09-04,2022-10-10,"EI","commercial",175,154,115,122,8,0.1116
"CHE.lo.exp2.ambi.bare.01.013","CHE.lo.exp2.ambi.bare.01.013.3","broere","graminoid",2023-09-04,2022-10-10,"EI","commercial",132,105,90,66,4,0.032
"CHE.lo.exp2.ambi.bare.01.049","CHE.lo.exp2.ambi.bare.01.049.1","silvul","forb",2023-09-04,2022-10-10,"EI","collected",97,29,29,30,38,0.1473
"CHE.lo.exp2.ambi.bare.01.049","CHE.lo.exp2.ambi.bare.01.049.2","silvul","forb",2023-09-04,2022-10-10,"EI","collected",28,28,27,26,8,0.0186
"CHE.lo.exp2.ambi.bare.01.088","CHE.lo.exp2.ambi.bare.01.088.1","silvul","forb",2023-09-04,2022-10-10,"EI","collected",35,31,24,23,44,0.2063
"CHE.lo.exp2.ambi.bare.01.077","CHE.lo.exp2.ambi.bare.01.077.1","scacol","forb",2023-09-04,2022-10-10,"EI","collected",37,34,35,28,6,0.0748
"CHE.lo.exp2.ambi.bare.01.101","CHE.lo.exp2.ambi.bare.01.101.1","daucar","forb",2023-09-04,2022-10-10,"EI","collected",88,75,82,78,8,0.4145
"CHE.hi.exp2.ambi.vege.01.008","CHE.hi.exp2.ambi.vege.01.008.1","plamed","forb",2023-08-31,2022-10-10,"EI","collected",3,3,3,2,3,2e-04
"CHE.hi.exp2.ambi.vege.01.024","CHE.hi.exp2.ambi.vege.01.024.1","plamed","forb",2023-08-31,2022-10-10,"EI","collected",7,6,6,3,3,6e-04
"CHE.hi.exp2.ambi.vege.01.045","CHE.hi.exp2.ambi.vege.01.045.1","plamed","forb",2023-08-31,2022-10-10,"EI","collected",9,8,7,6,3,0.0017
"CHE.hi.exp2.ambi.vege.01.051","CHE.hi.exp2.ambi.vege.01.051.1","plamed","forb",2023-08-31,2022-10-10,"EI","collected",9,8,6,5,3,4e-04
"CHE.hi.exp2.ambi.vege.01.066","CHE.hi.exp2.ambi.vege.01.066.1","plamed","forb",2023-08-31,2022-10-10,"EI","collected",15,11,5,7,3,0.0011
"CHE.hi.exp2.ambi.vege.01.087","CHE.hi.exp2.ambi.vege.01.087.1","plamed","forb",2023-08-31,2022-10-10,"EI","collected",8,8,5,6,3,6e-04
"CHE.hi.exp2.ambi.vege.01.092","CHE.hi.exp2.ambi.vege.01.092.1","plamed","forb",2023-08-31,2022-10-10,"EI","collected",13,12,7,6,5,0.0022
"CHE.hi.exp2.ambi.vege.01.108","CHE.hi.exp2.ambi.vege.01.108.1","plamed","forb",2023-08-31,2022-10-10,"EI","collected",12,11,9,7,3,0.002
"CHE.hi.exp2.ambi.vege.01.074","CHE.hi.exp2.ambi.vege.01.074.1","silvul","forb",2023-08-31,2022-10-10,"EI","collected",8,5,6,3,4,4e-04
"CHE.hi.exp2.ambi.vege.01.091","CHE.hi.exp2.ambi.vege.01.091.1","silvul","forb",2023-08-31,2022-10-10,"EI","collected",6,5,5,3,4,1e-04
"CHE.hi.exp2.ambi.vege.01.037","CHE.hi.exp2.ambi.vege.01.037.1","medlup","legume",2023-08-31,2022-10-10,"EI","collected",11,3,4,NA,2,0.0017
"CHE.hi.exp2.ambi.vege.01.084","CHE.hi.exp2.ambi.vege.01.084.1","medlup","legume",2023-08-31,2022-10-10,"EI","collected",22,4,5,3,3,0.0023
"CHE.hi.exp2.ambi.vege.01.121","CHE.hi.exp2.ambi.vege.01.121.1","medlup","legume",2023-08-31,2022-10-10,"EI","collected",41,4,3,2,3,0.0021
"CHE.hi.exp2.ambi.vege.01.125","CHE.hi.exp2.ambi.vege.01.125.1","daucar","forb",2023-08-31,2022-10-10,"EI","collected",28,27,15,NA,2,4e-04
"CHE.hi.exp2.ambi.vege.01.101","CHE.hi.exp2.ambi.vege.01.101.1","daucar","forb",2023-08-31,2022-10-10,"EI","collected",40,38,34,17,3,0.0017
"CHE.hi.exp2.ambi.vege.01.062","CHE.hi.exp2.ambi.vege.01.062.1","daucar","forb",2023-08-31,2022-10-10,"EI","collected",30,26,22,NA,2,0.0013
"CHE.hi.exp2.ambi.vege.01.059","CHE.hi.exp2.ambi.vege.01.059.1","daucar","forb",2023-08-31,2022-10-10,"EI","collected",42,33,32,17,3,0.0022
"CHE.hi.exp2.ambi.vege.01.040","CHE.hi.exp2.ambi.vege.01.040.1","daucar","forb",2023-08-31,2022-10-10,"EI","collected",23,12,10,13,4,NA
"CHE.hi.exp2.ambi.vege.01.082","CHE.hi.exp2.ambi.vege.01.082.1","daucar","forb",2023-08-31,2022-10-10,"EI","collected",25,22,20,NA,2,NA
"CHE.hi.exp2.ambi.vege.01.020","CHE.hi.exp2.ambi.vege.01.020.1","scacol","forb",2023-08-31,2022-10-10,"EI","collected",37,32,28,25,11,0.0828
"CHE.hi.exp2.ambi.vege.01.039","CHE.hi.exp2.ambi.vege.01.039.1","brapin","graminoid",2023-08-31,2022-10-10,"EI","collected",21,15,15,NA,2,0.0013
"CHE.hi.exp2.ambi.vege.01.043","CHE.hi.exp2.ambi.vege.01.043.1","brapin","graminoid",2023-08-31,2022-10-10,"EI","collected",29,24,13,NA,2,NA
"CHE.hi.exp2.ambi.vege.01.047","CHE.hi.exp2.ambi.vege.01.047.1","brapin","graminoid",2023-08-31,2022-10-10,"EI","collected",61,51,39,NA,2,0.002
"CHE.hi.exp2.ambi.vege.01.100","CHE.hi.exp2.ambi.vege.01.100.1","brapin","graminoid",2023-08-31,2022-10-10,"EI","collected",41,17,34,NA,2,0.002
"CHE.hi.exp2.ambi.vege.01.110","CHE.hi.exp2.ambi.vege.01.110.1","brapin","graminoid",2023-08-31,2022-10-10,"EI","collected",41,33,19,NA,2,1e-04
"CHE.hi.exp2.ambi.vege.01.013","CHE.hi.exp2.ambi.vege.01.013.1","broere","graminoid",2023-08-31,2022-10-10,"EI","commercial",76,67,35,14,3,0.0043
"CHE.hi.exp2.ambi.vege.01.027","CHE.hi.exp2.ambi.vege.01.027.1","broere","graminoid",2023-08-31,2022-10-10,"EI","commercial",50,35,32,27,4,0.0047
"CHE.hi.exp2.ambi.vege.01.010","CHE.hi.exp2.ambi.vege.01.010.1","salpra","forb",2023-08-31,2022-10-10,"EI","collected",13,12,8,9,3,0.0057
"CHE.hi.exp2.ambi.vege.01.019","CHE.hi.exp2.ambi.vege.01.019.1","salpra","forb",2023-08-31,2022-10-10,"EI","collected",8,6,6,5,5,0.0034
"CHE.hi.exp2.ambi.vege.01.041","CHE.hi.exp2.ambi.vege.01.041.1","salpra","forb",2023-08-31,2022-10-10,"EI","collected",19,19,12,12,3,0.004
"CHE.hi.exp2.ambi.vege.01.044","CHE.hi.exp2.ambi.vege.01.044.1","salpra","forb",2023-08-31,2022-10-10,"EI","collected",9,9,8,8,4,0.0036
"CHE.hi.exp2.ambi.vege.01.052","CHE.hi.exp2.ambi.vege.01.052.1","salpra","forb",2023-08-31,2022-10-10,"EI","collected",9,8,8,7,4,0.0029
"CHE.hi.exp2.ambi.vege.01.094","CHE.hi.exp2.ambi.vege.01.094.1","salpra","forb",2023-08-31,2022-10-10,"EI","collected",12,12,11,12,4,0.0025
"CHE.hi.exp2.ambi.vege.01.012","CHE.hi.exp2.ambi.vege.01.012.1","cenjac","forb",2023-08-31,2022-10-10,"EI","commercial",33,33,31,21,3,0.0032
"CHE.hi.exp2.ambi.vege.01.028","CHE.hi.exp2.ambi.vege.01.028.1","cenjac","forb",2023-08-31,2022-10-10,"EI","commercial",29,28,15,18,4,0.0051
"CHE.hi.exp2.ambi.vege.01.038","CHE.hi.exp2.ambi.vege.01.038.1","cenjac","forb",2023-08-31,2022-10-10,"EI","commercial",30,29,23,15,4,0.0059
"CHE.hi.exp2.ambi.vege.01.042","CHE.hi.exp2.ambi.vege.01.042.1","cenjac","forb",2023-08-31,2022-10-10,"EI","commercial",41,39,34,25,4,0.0069
"CHE.hi.exp2.ambi.vege.01.054","CHE.hi.exp2.ambi.vege.01.054.1","cenjac","forb",2023-08-31,2022-10-10,"EI","commercial",31,31,26,17,4,0.0064
"CHE.hi.exp2.ambi.vege.01.070","CHE.hi.exp2.ambi.vege.01.070.1","cenjac","forb",2023-08-31,2022-10-10,"EI","commercial",38,36,20,8,4,0.0044
"CHE.hi.exp2.ambi.vege.01.080","CHE.hi.exp2.ambi.vege.01.080.1","cenjac","forb",2023-08-31,2022-10-10,"EI","commercial",29,28,26,17,3,0.0021
"CHE.hi.exp2.ambi.vege.01.096","CHE.hi.exp2.ambi.vege.01.096.1","cenjac","forb",2023-08-31,2022-10-10,"EI","commercial",40,40,38,22,3,0.0042
"CHE.hi.exp2.ambi.bare.01.027","CHE.hi.exp2.ambi.bare.01.027.1","broere","graminoid",2023-08-31,2022-10-10,"EI","commercial",156,152,84,NA,2,0.0183
"CHE.hi.exp2.ambi.bare.01.005","CHE.hi.exp2.ambi.bare.01.005.1","broere","graminoid",2023-08-31,2022-10-10,"EI","commercial",32,31,29,31,3,0.0038
"CHE.hi.exp2.ambi.bare.01.068","CHE.hi.exp2.ambi.bare.01.068.1","broere","graminoid",2023-08-31,2022-10-10,"EI","commercial",30,30,26,18,3,0.0047
"CHE.hi.exp2.ambi.bare.01.085","CHE.hi.exp2.ambi.bare.01.085.1","broere","graminoid",2023-08-31,2022-10-10,"EI","commercial",21,18,17,14,3,0.005
"CHE.hi.exp2.ambi.bare.01.119","CHE.hi.exp2.ambi.bare.01.119.1","scacol","forb",2023-08-31,2022-10-10,"EI","collected",12,11,7,8,5,0.0109
"CHE.hi.exp2.ambi.bare.01.028","CHE.hi.exp2.ambi.bare.01.028.1","cenjac","forb",2023-08-31,2022-10-10,"EI","commercial",25,24,23,18,6,0.0326
"CHE.hi.exp2.ambi.bare.01.122","CHE.hi.exp2.ambi.bare.01.122.1","cenjac","forb",2023-08-31,2022-10-10,"EI","commercial",28,28,27,23,5,0.0244
"CHE.hi.exp2.ambi.bare.01.070","CHE.hi.exp2.ambi.bare.01.070.1","cenjac","forb",2023-08-31,2022-10-10,"EI","commercial",36,34,34,27,5,0.0449
"CHE.hi.exp2.ambi.bare.01.054","CHE.hi.exp2.ambi.bare.01.054.1","cenjac","forb",2023-08-31,2022-10-10,"EI","commercial",33,31,30,27,7,0.0604
"CHE.hi.exp2.ambi.bare.01.112","CHE.hi.exp2.ambi.bare.01.112.1","cenjac","forb",2023-08-31,2022-10-10,"EI","commercial",47,45,41,35,5,0.0642
"CHE.hi.exp2.ambi.bare.01.042","CHE.hi.exp2.ambi.bare.01.042.1","cenjac","forb",2023-08-31,2022-10-10,"EI","commercial",48,47,39,35,5,0.06
"CHE.hi.exp2.ambi.bare.01.038","CHE.hi.exp2.ambi.bare.01.038.1","cenjac","forb",2023-08-31,2022-10-10,"EI","commercial",40,40,38,40,5,0.0458
"CHE.hi.exp2.ambi.bare.01.012","CHE.hi.exp2.ambi.bare.01.012.1","cenjac","forb",2023-08-31,2022-10-10,"EI","commercial",13,11,13,11,5,0.0096
"CHE.hi.exp2.ambi.bare.01.053","CHE.hi.exp2.ambi.bare.01.053.2","hypper","forb",2023-08-31,2022-10-10,"EI","collected",15,5,5,4,10,0.0038
"CHE.hi.exp2.ambi.bare.01.118","CHE.hi.exp2.ambi.bare.01.118.1","hypper","forb",2023-08-31,2022-10-10,"EI","collected",20,6,7,6,10,0.0058
"CHE.hi.exp2.ambi.bare.01.076","CHE.hi.exp2.ambi.bare.01.076.1","hypper","forb",2023-08-31,2022-10-10,"EI","collected",11,7,7,5,6,0.0052
"CHE.hi.exp2.ambi.bare.01.073","CHE.hi.exp2.ambi.bare.01.073.1","hypper","forb",2023-08-31,2022-10-10,"EI","collected",16,6,6,5,8,0.0039
"CHE.hi.exp2.ambi.bare.01.067","CHE.hi.exp2.ambi.bare.01.067.1","hypper","forb",2023-08-31,2022-10-10,"EI","collected",21,5,5,6,8,0.0036
"CHE.hi.exp2.ambi.bare.01.056","CHE.hi.exp2.ambi.bare.01.056.1","hypper","forb",2023-08-31,2022-10-10,"EI","collected",26,8,7,8,12,0.0094
"CHE.hi.exp2.ambi.bare.01.053","CHE.hi.exp2.ambi.bare.01.053.1","hypper","forb",2023-08-31,2022-10-10,"EI","collected",19,5,6,5,10,0.0049
"CHE.hi.exp2.ambi.bare.01.025","CHE.hi.exp2.ambi.bare.01.025.1","hypper","forb",2023-08-31,2022-10-10,"EI","collected",14,4,4,3,8,0.003
"CHE.hi.exp2.ambi.bare.01.015","CHE.hi.exp2.ambi.bare.01.015.1","medlup","legume",2023-08-31,2022-10-10,"EI","collected",27,8,7,7,4,0.0214
"CHE.hi.exp2.ambi.bare.01.037","CHE.hi.exp2.ambi.bare.01.037.1","medlup","legume",2023-08-31,2022-10-10,"EI","collected",23,6,6,5,4,0.0117
"CHE.hi.exp2.ambi.bare.01.121","CHE.hi.exp2.ambi.bare.01.121.1","medlup","legume",2023-08-31,2022-10-10,"EI","collected",36,7,7,7,5,0.0203
"CHE.hi.exp2.ambi.bare.01.060","CHE.hi.exp2.ambi.bare.01.060.1","medlup","legume",2023-08-31,2022-10-10,"EI","collected",25,9,10,9,5,0.037
"CHE.hi.exp2.ambi.bare.01.084","CHE.hi.exp2.ambi.bare.01.084.1","medlup","legume",2023-08-31,2022-10-10,"EI","collected",42,9,11,11,11,0.1196
"CHE.hi.exp2.ambi.bare.01.099","CHE.hi.exp2.ambi.bare.01.099.1","medlup","legume",2023-08-31,2022-10-10,"EI","collected",38,11,7,7,6,0.04
"CHE.hi.exp2.ambi.bare.01.079","CHE.hi.exp2.ambi.bare.01.079.1","medlup","legume",2023-08-31,2022-10-10,"EI","collected",11,5,5,3,5,0.0137
"CHE.hi.exp2.ambi.bare.01.121","CHE.hi.exp2.ambi.bare.01.121.2","medlup","legume",2023-08-31,2022-10-10,"EI","collected",26,6,6,5,4,0.0111
"CHE.hi.exp2.ambi.bare.01.018","CHE.hi.exp2.ambi.bare.01.018.1","medlup","legume",2023-08-31,2022-10-10,"EI","collected",25,6,6,5,4,0.0118
"CHE.hi.exp2.ambi.bare.01.125","CHE.hi.exp2.ambi.bare.01.125.1","daucar","forb",2023-08-31,2022-10-10,"EI","collected",16,13,14,11,4,0.005
"CHE.hi.exp2.ambi.bare.01.101","CHE.hi.exp2.ambi.bare.01.101.1","daucar","forb",2023-08-31,2022-10-10,"EI","collected",15,15,12,11,5,0.0135
"CHE.hi.exp2.ambi.bare.01.082","CHE.hi.exp2.ambi.bare.01.082.1","daucar","forb",2023-08-31,2022-10-10,"EI","collected",31,31,28,24,4,0.0259
"CHE.hi.exp2.ambi.bare.01.062","CHE.hi.exp2.ambi.bare.01.062.1","daucar","forb",2023-08-31,2022-10-10,"EI","collected",25,25,21,18,4,0.0212
"CHE.hi.exp2.ambi.bare.01.059","CHE.hi.exp2.ambi.bare.01.059.1","daucar","forb",2023-08-31,2022-10-10,"EI","collected",34,29,28,23,4,0.0354
"CHE.hi.exp2.ambi.bare.01.040","CHE.hi.exp2.ambi.bare.01.040.1","daucar","forb",2023-08-31,2022-10-10,"EI","collected",31,28,27,31,4,0.0232
"CHE.hi.exp2.ambi.bare.01.020","CHE.hi.exp2.ambi.bare.01.020.1","daucar","forb",2023-08-31,2022-10-10,"EI","collected",20,20,18,20,7,0.0207
"CHE.hi.exp2.ambi.bare.01.020","CHE.hi.exp2.ambi.bare.01.020.2","daucar","forb",2023-08-31,2022-10-10,"EI","collected",21,21,18,17,5,0.0173
"CHE.hi.exp2.ambi.bare.01.091","CHE.hi.exp2.ambi.bare.01.091.1","silvul","forb",2023-08-31,2022-10-10,"EI","collected",13,13,11,12,8,0.0186
"CHE.hi.exp2.ambi.bare.01.088","CHE.hi.exp2.ambi.bare.01.088.1","silvul","forb",2023-08-31,2022-10-10,"EI","collected",17,14,15,14,10,0.0251
"CHE.hi.exp2.ambi.bare.01.074","CHE.hi.exp2.ambi.bare.01.074.1","silvul","forb",2023-08-31,2022-10-10,"EI","collected",16,13,9,12,8,0.014
"CHE.hi.exp2.ambi.bare.01.004","CHE.hi.exp2.ambi.bare.01.004.1","silvul","forb",2023-08-31,2022-10-10,"EI","collected",10,9,10,9,6,0.011
"CHE.hi.exp2.ambi.bare.01.023","CHE.hi.exp2.ambi.bare.01.023.1","silvul","forb",2023-08-31,2022-10-10,"EI","collected",10,10,9,9,6,0.0081
"CHE.hi.exp2.ambi.bare.01.032","CHE.hi.exp2.ambi.bare.01.032.1","silvul","forb",2023-08-31,2022-10-10,"EI","collected",11,10,8,9,6,0.0106
"CHE.hi.exp2.ambi.bare.01.049","CHE.hi.exp2.ambi.bare.01.049.1","silvul","forb",2023-08-31,2022-10-10,"EI","collected",9,8,9,9,4,0.0056
"CHE.hi.exp2.ambi.bare.01.065","CHE.hi.exp2.ambi.bare.01.065.1","silvul","forb",2023-08-31,2022-10-10,"EI","collected",7,7,5,6,6,0.0063
"CHE.hi.exp2.ambi.bare.01.019","CHE.hi.exp2.ambi.bare.01.019.1","salpra","forb",2023-08-31,2022-10-10,"EI","collected",11,10,10,9,6,0.0177
"CHE.hi.exp2.ambi.bare.01.086","CHE.hi.exp2.ambi.bare.01.086.1","salpra","forb",2023-08-31,2022-10-10,"EI","collected",12,12,10,9,4,0.0162
"CHE.hi.exp2.ambi.bare.01.094","CHE.hi.exp2.ambi.bare.01.094.1","salpra","forb",2023-08-31,2022-10-10,"EI","collected",9,8,7,8,4,0.009
"CHE.hi.exp2.ambi.bare.01.103","CHE.hi.exp2.ambi.bare.01.103.1","salpra","forb",2023-08-31,2022-10-10,"EI","collected",13,12,11,12,4,0.0213
"CHE.hi.exp2.ambi.bare.01.010","CHE.hi.exp2.ambi.bare.01.010.1","salpra","forb",2023-08-31,2022-10-10,"EI","collected",13,11,9,7,5,0.0163
"CHE.hi.exp2.ambi.bare.01.041","CHE.hi.exp2.ambi.bare.01.041.1","salpra","forb",2023-08-31,2022-10-10,"EI","collected",11,10,10,9,6,0.0114
"CHE.hi.exp2.ambi.bare.01.061","CHE.hi.exp2.ambi.bare.01.061.1","salpra","forb",2023-08-31,2022-10-10,"EI","collected",24,23,21,23,5,0.0605
"CHE.hi.exp2.ambi.bare.01.052","CHE.hi.exp2.ambi.bare.01.052.1","salpra","forb",2023-08-31,2022-10-10,"EI","collected",14,13,13,13,7,0.0286
"CHE.hi.exp2.ambi.bare.01.003","CHE.hi.exp2.ambi.bare.01.003.1","plamed","forb",2023-08-31,2022-10-10,"EI","collected",8,7,7,7,6,0.013
"CHE.hi.exp2.ambi.bare.01.050","CHE.hi.exp2.ambi.bare.01.050.1","plamed","forb",2023-08-31,2022-10-10,"EI","collected",7,6,6,7,5,0.0092
"CHE.hi.exp2.ambi.bare.01.087","CHE.hi.exp2.ambi.bare.01.087.1","plamed","forb",2023-08-31,2022-10-10,"EI","collected",11,10,10,11,4,0.0147
"CHE.hi.exp2.ambi.bare.01.092","CHE.hi.exp2.ambi.bare.01.092.1","plamed","forb",2023-08-31,2022-10-10,"EI","collected",12,12,12,11,4,0.022
"CHE.hi.exp2.ambi.bare.01.051","CHE.hi.exp2.ambi.bare.01.051.1","plamed","forb",2023-08-31,2022-10-10,"EI","collected",10,8,9,8,5,0.0125
"CHE.hi.exp2.ambi.bare.01.063","CHE.hi.exp2.ambi.bare.01.063.1","plamed","forb",2023-08-31,2022-10-10,"EI","collected",8,7,6,6,5,0.0087
"CHE.hi.exp2.ambi.bare.01.066","CHE.hi.exp2.ambi.bare.01.066.1","plamed","forb",2023-08-31,2022-10-10,"EI","collected",9,8,9,8,4,0.0075
"CHE.hi.exp2.ambi.bare.01.093","CHE.hi.exp2.ambi.bare.01.093.1","plamed","forb",2023-08-31,2022-10-10,"EI","collected",10,10,10,9,4,0.017
"CHE.gh.grho.none.none.01.001","CHE.gh.grho.none.none.01.001.1","brapin","graminoid",2024-04-30,2024-03-11,"EI","commercial",154,122,84,72,7,0.028
"CHE.gh.grho.none.none.01.002","CHE.gh.grho.none.none.01.002.1","brapin","graminoid",2024-04-30,2024-03-11,"EI","commercial",174,111,117,103,5,0.0261
"CHE.gh.grho.none.none.01.003","CHE.gh.grho.none.none.01.003.1","brapin","graminoid",2024-04-30,2024-03-11,"EI","commercial",172,122,126,104,8,0.0396
"CHE.gh.grho.none.none.01.004","CHE.gh.grho.none.none.01.004.1","brapin","graminoid",2024-04-30,2024-03-11,"EI","commercial",273,146,121,108,5,0.0529
"CHE.gh.grho.none.none.01.005","CHE.gh.grho.none.none.01.005.1","brapin","graminoid",2024-04-30,2024-03-11,"EI","commercial",131,98,91,76,8,0.0296
"CHE.gh.grho.none.none.01.006","CHE.gh.grho.none.none.01.006.1","brapin","graminoid",2024-04-30,2024-03-11,"EI","commercial",302,183,137,105,6,0.0433
"CHE.gh.grho.none.none.01.007","CHE.gh.grho.none.none.01.007.1","brapin","graminoid",2024-04-30,2024-03-11,"EI","commercial",188,125,97,101,6,0.0336
"CHE.gh.grho.none.none.01.008","CHE.gh.grho.none.none.01.008.1","brapin","graminoid",2024-04-30,2024-03-11,"EI","commercial",240,126,122,98,4,0.0303
"CHE.gh.grho.none.none.01.009","CHE.gh.grho.none.none.01.009.1","brapin","graminoid",2024-04-30,2024-03-11,"EI","commercial",258,152,101,77,9,0.0423
"CHE.gh.grho.none.none.01.010","CHE.gh.grho.none.none.01.010.1","brapin","graminoid",2024-04-30,2024-03-11,"EI","commercial",299,149,120,95,9,0.0529
"CHE.gh.grho.none.none.01.011","CHE.gh.grho.none.none.01.011.1","brapin","graminoid",2024-04-30,2024-03-11,"EI","commercial",293,178,122,114,7,0.0576
"CHE.gh.grho.none.none.01.012","CHE.gh.grho.none.none.01.012.1","broere","graminoid",2024-05-06,2024-03-11,"EI","commercial",251,206,174,179,6,0.0363
"CHE.gh.grho.none.none.01.013","CHE.gh.grho.none.none.01.013.1","broere","graminoid",2024-05-06,2024-03-11,"EI","commercial",156,136,73,49,4,0.0066
"CHE.gh.grho.none.none.01.014","CHE.gh.grho.none.none.01.014.1","broere","graminoid",2024-05-06,2024-03-11,"EI","commercial",296,248,176,164,4,0.0345
"CHE.gh.grho.none.none.01.015","CHE.gh.grho.none.none.01.015.1","broere","graminoid",2024-05-06,2024-03-11,"EI","commercial",257,216,195,108,5,0.0209
"CHE.gh.grho.none.none.01.016","CHE.gh.grho.none.none.01.016.1","broere","graminoid",2024-05-28,2024-05-02,"EI","collected",244,210,76,68,3,0.011
"CHE.gh.grho.none.none.01.017","CHE.gh.grho.none.none.01.017.1","broere","graminoid",2024-05-28,2024-05-02,"EI","collected",270,235,85,86,3,0.0123
"CHE.gh.grho.none.none.01.018","CHE.gh.grho.none.none.01.018.1","broere","graminoid",2024-05-28,2024-05-02,"EI","collected",212,190,104,NA,2,0.0063
"CHE.gh.grho.none.none.01.019","CHE.gh.grho.none.none.01.019.1","broere","graminoid",2024-06-11,2024-05-02,"EI","collected",345,280,265,99,4,0.0293
"CHE.gh.grho.none.none.01.020","CHE.gh.grho.none.none.01.020.1","broere","graminoid",2024-06-11,2024-05-02,"EI","collected",257,212,201,104,4,0.0185
"CHE.gh.grho.none.none.01.021","CHE.gh.grho.none.none.01.021.1","broere","graminoid",2024-06-11,2024-05-02,"EI","collected",300,262,228,182,5,0.0414
"CHE.gh.grho.none.none.01.022","CHE.gh.grho.none.none.01.022.1","broere","graminoid",2024-06-11,2024-05-02,"EI","collected",359,298,261,84,4,0.0352
"CHE.gh.grho.none.none.01.023","CHE.gh.grho.none.none.01.023.1","broere","graminoid",2024-06-11,2024-05-02,"EI","collected",277,224,242,175,5,0.0438
"CHE.gh.grho.none.none.01.024","CHE.gh.grho.none.none.01.024.1","cenjac","forb",2024-04-30,2024-03-11,"EI","commercial",130,125,104,71,6,0.0567
"CHE.gh.grho.none.none.01.025","CHE.gh.grho.none.none.01.025.1","cenjac","forb",2024-04-30,2024-03-11,"EI","commercial",137,130,114,91,7,0.1005
"CHE.gh.grho.none.none.01.026","CHE.gh.grho.none.none.01.026.1","cenjac","forb",2024-04-30,2024-03-11,"EI","commercial",137,132,117,107,8,0.1206
"CHE.gh.grho.none.none.01.027","CHE.gh.grho.none.none.01.027.1","cenjac","forb",2024-04-30,2024-03-11,"EI","commercial",114,108,67,38,6,0.0259
"CHE.gh.grho.none.none.01.028","CHE.gh.grho.none.none.01.028.1","cenjac","forb",2024-04-30,2024-03-11,"EI","commercial",99,90,92,79,8,0.0741
"CHE.gh.grho.none.none.01.029","CHE.gh.grho.none.none.01.029.1","cenjac","forb",2024-04-30,2024-03-11,"EI","commercial",112,109,103,90,7,0.0591
"CHE.gh.grho.none.none.01.030","CHE.gh.grho.none.none.01.030.1","cenjac","forb",2024-04-30,2024-03-11,"EI","commercial",123,114,104,108,9,0.1459
"CHE.gh.grho.none.none.01.031","CHE.gh.grho.none.none.01.031.1","cenjac","forb",2024-04-30,2024-03-11,"EI","commercial",144,139,120,100,7,0.0877
"CHE.gh.grho.none.none.01.032","CHE.gh.grho.none.none.01.032.1","cenjac","forb",2024-04-30,2024-03-11,"EI","commercial",138,135,132,108,8,0.1225
"CHE.gh.grho.none.none.01.033","CHE.gh.grho.none.none.01.033.1","cenjac","forb",2024-04-30,2024-03-11,"EI","commercial",136,131,132,123,8,0.1012
"CHE.gh.grho.none.none.01.034","CHE.gh.grho.none.none.01.034.1","cenjac","forb",2024-04-30,2024-03-11,"EI","commercial",100,95,81,73,7,0.0649
"CHE.gh.grho.none.none.01.035","CHE.gh.grho.none.none.01.035.1","daucar","forb",2024-04-30,2024-03-11,"EI","commercial",120,101,98,98,5,0.0365
"CHE.gh.grho.none.none.01.036","CHE.gh.grho.none.none.01.036.1","daucar","forb",2024-04-30,2024-03-11,"EI","commercial",160,142,132,97,5,0.0525
"CHE.gh.grho.none.none.01.037","CHE.gh.grho.none.none.01.037.1","daucar","forb",2024-04-30,2024-03-11,"EI","commercial",137,121,95,65,5,0.0286
"CHE.gh.grho.none.none.01.038","CHE.gh.grho.none.none.01.038.1","daucar","forb",2024-04-30,2024-03-11,"EI","commercial",164,146,121,98,5,0.048
"CHE.gh.grho.none.none.01.039","CHE.gh.grho.none.none.01.039.1","daucar","forb",2024-04-30,2024-03-11,"EI","commercial",170,148,125,91,5,0.0505
"CHE.gh.grho.none.none.01.040","CHE.gh.grho.none.none.01.040.1","daucar","forb",2024-04-30,2024-03-11,"EI","commercial",168,147,113,112,5,0.0577
"CHE.gh.grho.none.none.01.041","CHE.gh.grho.none.none.01.041.1","daucar","forb",2024-04-30,2024-03-11,"EI","commercial",140,115,117,78,4,0.0321
"CHE.gh.grho.none.none.01.042","CHE.gh.grho.none.none.01.042.1","daucar","forb",2024-04-30,2024-03-11,"EI","commercial",147,135,130,114,7,0.0698
"CHE.gh.grho.none.none.01.043","CHE.gh.grho.none.none.01.043.1","daucar","forb",2024-04-30,2024-03-11,"EI","commercial",183,160,151,105,5,0.0743
"CHE.gh.grho.none.none.01.044","CHE.gh.grho.none.none.01.044.1","daucar","forb",2024-04-30,2024-03-11,"EI","commercial",162,144,115,122,5,0.0486
"CHE.gh.grho.none.none.01.045","CHE.gh.grho.none.none.01.045.1","daucar","forb",2024-04-30,2024-03-11,"EI","commercial",161,144,121,103,4,0.0568
"CHE.gh.grho.none.none.01.046","CHE.gh.grho.none.none.01.046.1","hypper","forb",2024-05-21,2024-04-12,"EI","commercial",103,20,19,19,22,0.0248
"CHE.gh.grho.none.none.01.047","CHE.gh.grho.none.none.01.047.1","hypper","forb",2024-05-21,2024-04-12,"EI","commercial",77,18,18,18,24,0.0215
"CHE.gh.grho.none.none.01.048","CHE.gh.grho.none.none.01.048.1","hypper","forb",2024-06-11,2024-05-02,"EI","collected",68,15,14,16,12,0.012
"CHE.gh.grho.none.none.01.049","CHE.gh.grho.none.none.01.049.1","hypper","forb",2024-06-11,2024-05-02,"EI","collected",52,14,14,13,10,0.0097
"CHE.gh.grho.none.none.01.050","CHE.gh.grho.none.none.01.050.1","hypper","forb",2024-06-11,2024-05-02,"EI","collected",58,15,14,13,10,0.0112
"CHE.gh.grho.none.none.01.051","CHE.gh.grho.none.none.01.051.1","hypper","forb",2024-06-11,2024-05-02,"EI","collected",66,15,13,14,12,0.0111
"CHE.gh.grho.none.none.01.052","CHE.gh.grho.none.none.01.052.1","hypper","forb",2024-06-11,2024-05-02,"EI","collected",70,14,14,13,10,0.0117
"CHE.gh.grho.none.none.01.053","CHE.gh.grho.none.none.01.053.1","hypper","forb",2024-06-11,2024-05-02,"EI","collected",53,14,14,13,10,0.0092
"CHE.gh.grho.none.none.01.054","CHE.gh.grho.none.none.01.054.1","hypper","forb",2024-06-11,2024-05-02,"EI","collected",32,12,12,12,8,0.0076
"CHE.gh.grho.none.none.01.055","CHE.gh.grho.none.none.01.055.1","hypper","forb",2024-06-11,2024-05-02,"EI","collected",28,10,10,9,8,0.0043
"CHE.gh.grho.none.none.01.056","CHE.gh.grho.none.none.01.056.1","hypper","forb",2024-06-11,2024-04-12,"EI","collected",62,14,14,14,12,0.0105
"CHE.gh.grho.none.none.01.057","CHE.gh.grho.none.none.01.057.1","medlup","legume",2024-04-30,2024-03-11,"EI","commercial",52,8,8,7,5,0.0209
"CHE.gh.grho.none.none.01.058","CHE.gh.grho.none.none.01.058.1","medlup","legume",2024-04-30,2024-03-11,"EI","commercial",87,17,14,13,11,0.0405
"CHE.gh.grho.none.none.01.059","CHE.gh.grho.none.none.01.059.1","medlup","legume",2024-04-30,2024-03-11,"EI","commercial",87,17,14,12,11,0.0414
"CHE.gh.grho.none.none.01.060","CHE.gh.grho.none.none.01.060.1","medlup","legume",2024-04-30,2024-03-11,"EI","commercial",63,12,12,9,5,0.0194
"CHE.gh.grho.none.none.01.061","CHE.gh.grho.none.none.01.061.1","medlup","legume",2024-04-30,2024-03-11,"EI","commercial",47,9,8,7,5,0.0118
"CHE.gh.grho.none.none.01.062","CHE.gh.grho.none.none.01.062.1","medlup","legume",2024-04-30,2024-03-11,"EI","commercial",31,7,6,6,4,0.0074
"CHE.gh.grho.none.none.01.063","CHE.gh.grho.none.none.01.063.1","medlup","legume",2024-04-30,2024-03-11,"EI","commercial",64,16,10,9,7,0.0229
"CHE.gh.grho.none.none.01.064","CHE.gh.grho.none.none.01.064.1","medlup","legume",2024-04-30,2024-03-11,"EI","commercial",27,7,6,6,3,0.0082
"CHE.gh.grho.none.none.01.065","CHE.gh.grho.none.none.01.065.1","medlup","legume",2024-04-30,2024-03-11,"EI","commercial",45,9,7,6,4,0.009
"CHE.gh.grho.none.none.01.066","CHE.gh.grho.none.none.01.066.1","medlup","legume",2024-04-30,2024-03-11,"EI","commercial",85,15,13,12,9,0.0342
"CHE.gh.grho.none.none.01.067","CHE.gh.grho.none.none.01.067.1","medlup","legume",2024-04-30,2024-03-11,"EI","commercial",63,11,10,8,5,0.0167
"CHE.gh.grho.none.none.01.068","CHE.gh.grho.none.none.01.068.1","plamed","forb",2024-04-30,2024-03-11,"EI","collected",45,40,42,32,4,0.0208
"CHE.gh.grho.none.none.01.069","CHE.gh.grho.none.none.01.069.1","plamed","forb",2024-04-30,2024-03-11,"EI","collected",60,58,50,48,7,0.0588
"CHE.gh.grho.none.none.01.070","CHE.gh.grho.none.none.01.070.1","plamed","forb",2024-04-30,2024-03-11,"EI","collected",40,39,33,21,5,0.0198
"CHE.gh.grho.none.none.01.071","CHE.gh.grho.none.none.01.071.1","plamed","forb",2024-04-30,2024-03-11,"EI","collected",49,47,39,37,5,0.0344
"CHE.gh.grho.none.none.01.072","CHE.gh.grho.none.none.01.072.1","plamed","forb",2024-04-30,2024-03-11,"EI","collected",60,56,57,42,5,0.0383
"CHE.gh.grho.none.none.01.073","CHE.gh.grho.none.none.01.073.1","plamed","forb",2024-04-30,2024-03-11,"EI","collected",68,63,59,37,5,0.0401
"CHE.gh.grho.none.none.01.074","CHE.gh.grho.none.none.01.074.1","plamed","forb",2024-04-30,2024-03-11,"EI","collected",50,48,41,28,6,0.027
"CHE.gh.grho.none.none.01.075","CHE.gh.grho.none.none.01.075.1","plamed","forb",2024-04-30,2024-03-11,"EI","collected",49,45,38,34,6,0.0309
"CHE.gh.grho.none.none.01.076","CHE.gh.grho.none.none.01.076.1","plamed","forb",2024-04-30,2024-03-11,"EI","collected",51,45,40,33,5,0.026
"CHE.gh.grho.none.none.01.077","CHE.gh.grho.none.none.01.077.1","plamed","forb",2024-04-30,2024-03-11,"EI","collected",44,40,37,32,4,0.0156
"CHE.gh.grho.none.none.01.078","CHE.gh.grho.none.none.01.078.1","plamed","forb",2024-04-30,2024-03-11,"EI","collected",43,40,32,27,5,0.0177
"CHE.gh.grho.none.none.01.079","CHE.gh.grho.none.none.01.079.1","salpra","forb",2024-05-21,2024-04-12,"EI","commercial",88,82,78,45,8,0.0503
"CHE.gh.grho.none.none.01.080","CHE.gh.grho.none.none.01.080.1","salpra","forb",2024-05-21,2024-04-12,"EI","commercial",59,50,42,24,8,0.0239
"CHE.gh.grho.none.none.01.081","CHE.gh.grho.none.none.01.081.1","salpra","forb",2024-05-21,2024-04-12,"EI","commercial",68,61,63,37,6,0.0355
"CHE.gh.grho.none.none.01.082","CHE.gh.grho.none.none.01.082.1","salpra","forb",2024-05-21,2024-04-12,"EI","commercial",32,29,25,22,8,0.02
"CHE.gh.grho.none.none.01.083","CHE.gh.grho.none.none.01.083.1","salpra","forb",2024-05-21,2024-04-12,"EI","commercial",90,85,85,52,8,0.061
"CHE.gh.grho.none.none.01.084","CHE.gh.grho.none.none.01.084.1","salpra","forb",2024-05-21,2024-04-12,"EI","commercial",72,65,66,41,8,0.0391
"CHE.gh.grho.none.none.01.085","CHE.gh.grho.none.none.01.085.1","salpra","forb",2024-05-21,2024-04-12,"EI","commercial",75,68,70,71,8,0.0588
"CHE.gh.grho.none.none.01.086","CHE.gh.grho.none.none.01.086.1","salpra","forb",2024-05-21,2024-04-12,"EI","commercial",63,56,55,43,8,0.0379
"CHE.gh.grho.none.none.01.087","CHE.gh.grho.none.none.01.087.1","salpra","forb",2024-05-21,2024-04-12,"EI","commercial",47,41,42,37,8,0.0244
"CHE.gh.grho.none.none.01.088","CHE.gh.grho.none.none.01.088.1","salpra","forb",2024-05-21,2024-04-12,"EI","commercial",76,74,68,49,8,0.0433
"CHE.gh.grho.none.none.01.089","CHE.gh.grho.none.none.01.089.1","salpra","forb",2024-05-21,2024-04-12,"EI","commercial",43,38,37,34,6,0.019
"CHE.gh.grho.none.none.01.090","CHE.gh.grho.none.none.01.090.1","salpra","forb",2024-05-21,2024-04-12,"EI","commercial",64,60,57,52,8,0.0384
"CHE.gh.grho.none.none.01.091","CHE.gh.grho.none.none.01.091.1","salpra","forb",2024-05-21,2024-04-12,"EI","commercial",38,35,33,22,8,0.0209
"CHE.gh.grho.none.none.01.092","CHE.gh.grho.none.none.01.092.1","salpra","forb",2024-05-21,2024-04-12,"EI","commercial",42,37,32,26,8,0.0228
"CHE.gh.grho.none.none.01.093","CHE.gh.grho.none.none.01.093.1","salpra","forb",2024-05-28,2024-04-12,"EI","commercial",27,21,19,11,6,0.0097
"CHE.gh.grho.none.none.01.094","CHE.gh.grho.none.none.01.094.1","scacol","forb",2024-06-11,2024-04-12,"EI","collected",39,36,34,30,10,0.0321
"CHE.gh.grho.none.none.01.095","CHE.gh.grho.none.none.01.095.1","scacol","forb",2024-06-11,2024-04-12,"EI","collected",40,35,35,26,8,0.0262
"CHE.gh.grho.none.none.01.096","CHE.gh.grho.none.none.01.096.1","scacol","forb",2024-06-11,2024-04-12,"EI","collected",35,32,30,26,7,0.0316
"CHE.gh.grho.none.none.01.097","CHE.gh.grho.none.none.01.097.1","scacol","forb",2024-06-11,2024-04-12,"EI","collected",31,28,25,20,8,0.0242
"CHE.gh.grho.none.none.01.098","CHE.gh.grho.none.none.01.098.1","scacol","forb",2024-06-11,2024-04-12,"EI","collected",28,24,23,21,7,0.0226
"CHE.gh.grho.none.none.01.099","CHE.gh.grho.none.none.01.099.1","scacol","forb",2024-06-11,2024-04-12,"EI","collected",28,26,25,24,7,0.0217
"CHE.gh.grho.none.none.01.100","CHE.gh.grho.none.none.01.100.1","scacol","forb",2024-06-11,2024-04-12,"EI","collected",28,24,23,18,6,0.0217
"CHE.gh.grho.none.none.01.101","CHE.gh.grho.none.none.01.101.1","scacol","forb",2024-06-11,2024-04-12,"EI","collected",20,18,18,18,7,0.0151
"CHE.gh.grho.none.none.01.102","CHE.gh.grho.none.none.01.102.1","scacol","forb",2024-06-11,2024-04-12,"EI","collected",20,17,15,16,5,0.0069
"CHE.gh.grho.none.none.01.103","CHE.gh.grho.none.none.01.103.1","scacol","forb",2024-06-11,2024-04-12,"EI","collected",21,16,17,19,4,0.009
"CHE.gh.grho.none.none.01.104","CHE.gh.grho.none.none.01.104.1","scacol","forb",2024-06-11,2024-04-12,"EI","collected",22,18,17,14,6,0.0158
"CHE.gh.grho.none.none.01.105","CHE.gh.grho.none.none.01.105.1","silvul","forb",2024-04-30,2024-03-11,"EI","commercial",174,70,65,69,14,0.0701
"CHE.gh.grho.none.none.01.106","CHE.gh.grho.none.none.01.106.1","silvul","forb",2024-04-30,2024-03-11,"EI","commercial",133,52,50,46,15,0.0391
"CHE.gh.grho.none.none.01.107","CHE.gh.grho.none.none.01.107.1","silvul","forb",2024-04-30,2024-03-11,"EI","commercial",176,56,54,47,16,0.0661
"CHE.gh.grho.none.none.01.108","CHE.gh.grho.none.none.01.108.1","silvul","forb",2024-04-30,2024-03-11,"EI","commercial",148,50,51,49,12,0.0439
"CHE.gh.grho.none.none.01.109","CHE.gh.grho.none.none.01.109.1","silvul","forb",2024-04-30,2024-03-11,"EI","commercial",177,73,61,64,14,0.1067
"CHE.gh.grho.none.none.01.110","CHE.gh.grho.none.none.01.110.1","silvul","forb",2024-04-30,2024-03-11,"EI","commercial",125,58,55,53,12,0.0427
"CHE.gh.grho.none.none.01.111","CHE.gh.grho.none.none.01.111.1","silvul","forb",2024-04-30,2024-03-11,"EI","commercial",108,41,42,43,7,0.0171
"CHE.gh.grho.none.none.01.112","CHE.gh.grho.none.none.01.112.1","silvul","forb",2024-04-30,2024-03-11,"EI","commercial",141,72,72,64,16,0.0967
"CHE.gh.grho.none.none.01.113","CHE.gh.grho.none.none.01.113.1","silvul","forb",2024-04-30,2024-03-11,"EI","commercial",181,49,49,51,16,0.0472
"CHE.gh.grho.none.none.01.114","CHE.gh.grho.none.none.01.114.1","silvul","forb",2024-04-30,2024-03-11,"EI","commercial",150,59,60,50,14,0.0558
"CHE.gh.grho.none.none.01.115","CHE.gh.grho.none.none.01.115.1","silvul","forb",2024-04-30,2024-03-11,"EI","commercial",63,34,35,26,8,0.0112
