"unique_plant_ID","species","date_collection","dry_mass"
"CHE.lo.ambi.bare.wf.01.01.2","brapin",2023-07-25,10.82
"CHE.lo.ambi.bare.wf.01.16.2","brapin",2023-07-25,36.46
"CHE.lo.ambi.bare.wf.01.08.2","brapin",2023-07-25,4.48
"CHE.hi.warm.vege.wf.01.16.1","brapin",2023-08-08,0.2112
"CHE.hi.warm.vege.wf.01.08.1","brapin",2023-08-08,0.0323
"CHE.hi.warm.vege.wf.01.01.1","brapin",2023-08-08,0.2053
"CHE.lo.ambi.vege.wf.01.01.1","brapin",2023-07-25,2.81
"CHE.lo.ambi.vege.wf.01.16.1","brapin",2023-07-25,0.78
"CHE.lo.ambi.vege.wf.01.08.1","brapin",2023-07-25,0.94
"CHE.hi.ambi.vege.wf.01.01.1","brapin",2023-08-08,0.5461
"CHE.hi.ambi.vege.wf.01.16.1","brapin",2023-08-08,0.1141
"CHE.hi.ambi.vege.wf.01.08.1","brapin",2023-08-08,0.2516
"CHE.hi.ambi.bare.wf.01.16.1","brapin",2023-08-09,2.58
"CHE.hi.ambi.bare.wf.01.08.1","brapin",2023-08-09,8.35
"CHE.hi.ambi.bare.wf.01.01.1","brapin",2023-08-09,4.18
"CHE.hi.warm.bare.wf.01.08.1","brapin",2023-08-09,2.08
"CHE.hi.warm.bare.wf.01.16.1","brapin",2023-08-09,1.4
"CHE.hi.warm.bare.wf.01.01.1","brapin",2023-08-09,0.0371
"CHE.lo.ambi.vege.wf.02.08.2","brapin",2023-07-25,0.0101
"CHE.lo.ambi.vege.wf.02.16.1","brapin",2023-07-25,0.0439
"CHE.lo.ambi.vege.wf.02.01.1","brapin",2023-07-25,0.24
"CHE.hi.ambi.vege.wf.02.08.1","brapin",2023-08-09,0.3501
"CHE.hi.ambi.vege.wf.02.01.1","brapin",2023-08-09,0.485
"CHE.hi.ambi.vege.wf.02.16.1","brapin",2023-08-09,0.3161
"CHE.lo.ambi.bare.wf.02.16.2","brapin",2023-07-25,17.15
"CHE.lo.ambi.bare.wf.02.08.2","brapin",2023-07-25,2.35
"CHE.hi.warm.bare.wf.02.08.1","brapin",2023-08-09,4.61
"CHE.hi.warm.bare.wf.02.16.1","brapin",2023-08-09,2.09
"CHE.hi.warm.bare.wf.02.01.1","brapin",2023-08-09,1.52
"CHE.hi.ambi.bare.wf.02.16.1","brapin",2023-08-09,3.8
"CHE.hi.ambi.bare.wf.02.01.1","brapin",2023-08-09,1.69
"CHE.hi.ambi.bare.wf.02.08.1","brapin",2023-08-09,3.46
"CHE.hi.warm.vege.wf.02.01.1","brapin",2023-08-09,0.1172
"CHE.hi.warm.vege.wf.02.08.1","brapin",2023-08-09,0.2004
"CHE.hi.warm.vege.wf.02.16.1","brapin",2023-08-09,0.3694
"CHE.lo.ambi.vege.wf.03.01.1","brapin",2023-07-25,8.28
"CHE.lo.ambi.vege.wf.03.16.1","brapin",2023-07-25,0.32
"CHE.lo.ambi.vege.wf.03.08.1","brapin",2023-07-25,1.43
"CHE.hi.ambi.vege.wf.03.16.1","brapin",2023-08-08,0.4894
"CHE.hi.ambi.vege.wf.03.01.1","brapin",2023-08-08,0.1328
"CHE.hi.ambi.vege.wf.03.08.1","brapin",2023-08-08,0.1548
"CHE.lo.ambi.bare.wf.03.16.1","brapin",2023-07-25,11.54
"CHE.hi.warm.bare.wf.03.16.1","brapin",2023-08-09,0.89
"CHE.hi.warm.bare.wf.03.08.1","brapin",2023-08-09,1.1
"CHE.hi.ambi.bare.wf.03.01.1","brapin",2023-08-09,0.56
"CHE.hi.ambi.bare.wf.03.08.1","brapin",2023-08-09,0.98
"CHE.hi.ambi.bare.wf.03.16.1","brapin",2023-08-09,1.14
"CHE.hi.warm.vege.wf.03.16.1","brapin",2023-08-08,0.5896
"CHE.hi.warm.vege.wf.03.08.1","brapin",2023-08-08,0.1257
"CHE.lo.ambi.vege.wf.04.01.1","brapin",2023-07-25,0.0774
"CHE.lo.ambi.vege.wf.04.08.1","brapin",2023-07-25,0.12
"CHE.lo.ambi.vege.wf.04.16.1","brapin",2023-07-25,0.1476
"CHE.hi.ambi.bare.wf.04.01.1","brapin",2023-08-09,1.42
"CHE.hi.ambi.bare.wf.04.08.1","brapin",2023-08-09,2.29
"CHE.hi.ambi.bare.wf.04.16.1","brapin",2023-08-09,1.91
"CHE.lo.ambi.bare.wf.04.01.2","brapin",2023-07-25,4.38
"CHE.lo.ambi.bare.wf.04.08.3","brapin",2023-07-25,0.89
"CHE.hi.warm.vege.wf.04.01.1","brapin",2023-08-08,0.0384
"CHE.hi.warm.vege.wf.04.08.1","brapin",2023-08-08,0.2291
"CHE.hi.warm.vege.wf.04.16.1","brapin",2023-08-08,0.0916
"CHE.hi.warm.bare.wf.04.16.1","brapin",2023-08-09,6.33
"CHE.hi.warm.bare.wf.04.08.1","brapin",2023-08-09,1.6
"CHE.hi.warm.bare.wf.04.01.1","brapin",2023-08-09,2.18
"CHE.hi.ambi.vege.wf.04.01.1","brapin",2023-08-08,0.0687
"CHE.hi.ambi.vege.wf.04.16.1","brapin",2023-08-08,0.0543
"CHE.hi.ambi.vege.wf.04.08.1","brapin",2023-08-08,0.0406
"CHE.lo.ambi.vege.wf.05.16.1","brapin",2023-07-25,0.0655
"CHE.lo.ambi.vege.wf.05.08.1","brapin",2023-07-25,0.1507
"CHE.lo.ambi.vege.wf.05.01.1","brapin",2023-07-25,0.1268
"CHE.hi.ambi.bare.wf.05.01.1","brapin",2023-08-09,5.07
"CHE.hi.ambi.bare.wf.05.08.1","brapin",2023-08-09,4.05
"CHE.hi.ambi.bare.wf.05.16.1","brapin",2023-08-09,2.68
"CHE.lo.ambi.bare.wf.05.08.3","brapin",2023-07-25,16.95
"CHE.lo.ambi.bare.wf.05.16.2","brapin",2023-07-25,20.18
"CHE.lo.ambi.bare.wf.05.01.2","brapin",2023-07-25,8.02
"CHE.hi.warm.vege.wf.05.16.1","brapin",2023-08-08,0.2441
"CHE.hi.warm.vege.wf.05.01.1","brapin",2023-08-08,0.0247
"CHE.hi.warm.vege.wf.05.08.1","brapin",2023-08-08,0.1833
"CHE.hi.warm.bare.wf.05.08.1","brapin",2023-08-09,2.55
"CHE.hi.warm.bare.wf.05.01.1","brapin",2023-08-09,2.92
"CHE.hi.ambi.vege.wf.05.01.1","brapin",2023-08-08,0.1053
"CHE.hi.ambi.vege.wf.05.08.1","brapin",2023-08-08,0.4179
"CHE.hi.ambi.vege.wf.05.16.1","brapin",2023-08-08,0.0545
"CHE.lo.ambi.vege.wf.06.08.1","brapin",2023-07-25,0.21
"CHE.lo.ambi.vege.wf.06.16.1","brapin",2023-07-25,0.9
"CHE.lo.ambi.vege.wf.06.01.1","brapin",2023-07-25,0.0034
"CHE.hi.warm.bare.wf.06.16.1","brapin",2023-08-09,0.2189
"CHE.hi.warm.bare.wf.06.01.1","brapin",2023-08-09,0.32
"CHE.hi.warm.bare.wf.06.08.1","brapin",2023-08-09,3.53
"CHE.lo.ambi.bare.wf.06.16.2","brapin",2023-07-25,17.22
"CHE.lo.ambi.bare.wf.06.01.2","brapin",2023-07-25,9.81
"CHE.lo.ambi.bare.wf.06.08.2","brapin",2023-07-25,4.9
"CHE.hi.ambi.vege.wf.06.16.1","brapin",2023-08-08,0.0451
"CHE.hi.ambi.vege.wf.06.08.1","brapin",2023-08-08,0.0793
"CHE.hi.ambi.vege.wf.06.01.1","brapin",2023-08-08,0.0701
"CHE.hi.ambi.bare.wf.06.01.1","brapin",2023-08-09,2.1
"CHE.hi.ambi.bare.wf.06.08.1","brapin",2023-08-09,1.92
"CHE.hi.ambi.bare.wf.06.16.1","brapin",2023-08-09,0.1213
"CHE.hi.warm.vege.wf.06.08.1","brapin",2023-08-08,0.0339
"CHE.hi.warm.vege.wf.06.01.1","brapin",2023-08-08,0.0421
"CHE.hi.warm.vege.wf.06.16.1","brapin",2023-08-08,0.1331
"CHE.lo.ambi.bare.wf.07.08.2","brapin",2023-07-25,2.65
"CHE.lo.ambi.bare.wf.07.16.2","brapin",2023-07-25,2.33
"CHE.lo.ambi.bare.wf.07.03.2","brapin",2023-07-25,1.49
"CHE.hi.warm.bare.wf.07.01.1","brapin",2023-08-09,0.1788
"CHE.hi.warm.bare.wf.07.16.1","brapin",2023-08-09,0.1677
"CHE.hi.warm.bare.wf.07.08.1","brapin",2023-08-09,1.1
"CHE.lo.ambi.vege.wf.07.01.1","brapin",2023-07-25,3.45
"CHE.lo.ambi.vege.wf.07.16.1","brapin",2023-07-25,0.1154
"CHE.lo.ambi.vege.wf.07.08.1","brapin",2023-07-25,0.0887
"CHE.hi.ambi.vege.wf.07.16.1","brapin",2023-08-09,0.0589
"CHE.hi.ambi.vege.wf.07.08.1","brapin",2023-08-09,0.0201
"CHE.hi.warm.vege.wf.07.16.1","brapin",2023-08-09,0.2427
"CHE.hi.warm.vege.wf.07.08.1","brapin",2023-08-09,0.0842
"CHE.hi.warm.vege.wf.07.01.1","brapin",2023-08-09,0.0504
"CHE.hi.ambi.bare.wf.07.01.1","brapin",2023-08-09,0.79
"CHE.hi.ambi.bare.wf.07.08.1","brapin",2023-08-09,1.12
"CHE.hi.ambi.bare.wf.07.16.1","brapin",2023-08-09,0.1804
"CHE.lo.ambi.bare.wf.08.08.2","brapin",2023-07-25,0.75
"CHE.lo.ambi.vege.wf.08.16.1","brapin",2023-07-25,0.0092
"CHE.lo.ambi.vege.wf.08.01.1","brapin",2023-07-25,0.0893
"CHE.hi.ambi.vege.wf.08.01.1","brapin",2023-08-08,0.2328
"CHE.hi.ambi.vege.wf.08.08.1","brapin",2023-08-08,0.1061
"CHE.hi.ambi.vege.wf.08.16.1","brapin",2023-08-08,0.1474
"CHE.hi.warm.bare.wf.08.16.1","brapin",2023-08-09,1.94
"CHE.hi.warm.bare.wf.08.01.1","brapin",2023-08-09,1.19
"CHE.hi.warm.bare.wf.08.08.1","brapin",2023-08-09,4.08
"CHE.hi.ambi.bare.wf.08.16.1","brapin",2023-08-09,1.72
"CHE.hi.ambi.bare.wf.08.08.1","brapin",2023-08-09,2.5
"CHE.hi.ambi.bare.wf.08.01.1","brapin",2023-08-09,0.4
"CHE.hi.warm.vege.wf.08.16.1","brapin",2023-08-08,0.1333
"CHE.hi.warm.vege.wf.08.08.1","brapin",2023-08-08,0.351
"CHE.hi.warm.vege.wf.08.01.1","brapin",2023-08-08,0.1626
"CHE.lo.ambi.bare.wf.09.08.2","brapin",2023-07-25,14.98
"CHE.lo.ambi.bare.wf.09.01.2","brapin",2023-07-25,7.46
"CHE.lo.ambi.bare.wf.09.16.2","brapin",2023-07-25,1.04
"CHE.hi.warm.bare.wf.09.01.1","brapin",2023-08-09,1.32
"CHE.hi.warm.bare.wf.09.16.1","brapin",2023-08-09,0.84
"CHE.lo.ambi.vege.wf.09.01.1","brapin",2023-07-25,0.0894
"CHE.lo.ambi.vege.wf.09.16.1","brapin",2023-07-25,0.0621
"CHE.lo.ambi.vege.wf.09.08.1","brapin",2023-07-25,0.24
"CHE.hi.ambi.bare.wf.09.16.1","brapin",2023-08-09,0.6519
"CHE.hi.ambi.bare.wf.09.01.1","brapin",2023-08-09,0.66
"CHE.hi.ambi.bare.wf.09.08.1","brapin",2023-08-09,1.26
"CHE.hi.ambi.vege.wf.09.01.1","brapin",2023-08-08,0.3572
"CHE.hi.ambi.vege.wf.09.08.1","brapin",2023-08-08,0.0464
"CHE.hi.ambi.vege.wf.09.16.1","brapin",2023-08-08,0.1451
"CHE.hi.warm.vege.wf.09.01.1","brapin",2023-08-08,0.11
"CHE.hi.warm.vege.wf.09.08.1","brapin",2023-08-08,0.1019
"CHE.hi.warm.vege.wf.09.16.1","brapin",2023-08-08,0.3632
"CHE.lo.ambi.bare.wf.10.16.1","brapin",2023-07-25,9.74
"CHE.lo.ambi.bare.wf.10.01.1","brapin",2023-07-25,11.99
"CHE.lo.ambi.vege.wf.10.08.1","brapin",2023-07-25,0.042
"CHE.lo.ambi.vege.wf.10.16.1","brapin",2023-07-25,0.0178
"CHE.lo.ambi.vege.wf.10.01.1","brapin",2023-07-25,0.71
"CHE.hi.warm.vege.wf.10.16.1","brapin",2023-08-08,1.042
"CHE.hi.warm.vege.wf.10.08.1","brapin",2023-08-08,0.1775
"CHE.hi.warm.vege.wf.10.01.1","brapin",2023-08-08,0.0967
"CHE.hi.ambi.vege.wf.10.16.1","brapin",2023-08-08,0.1769
"CHE.hi.ambi.vege.wf.10.08.1","brapin",2023-08-08,0.2584
"CHE.hi.ambi.vege.wf.10.01.1","brapin",2023-08-08,0.3276
"CHE.hi.warm.bare.wf.10.08.1","brapin",2023-08-09,2.76
"CHE.hi.warm.bare.wf.10.01.1","brapin",2023-08-09,0.84
"CHE.hi.warm.bare.wf.10.16.1","brapin",2023-08-09,2.35
"CHE.hi.ambi.bare.wf.10.01.1","brapin",2023-08-09,5.11
"CHE.hi.ambi.bare.wf.10.16.1","brapin",2023-08-09,1.55
"CHE.hi.ambi.bare.wf.10.08.1","brapin",2023-08-09,2.35
"CHE.lo.ambi.bare.wf.01.07.2","broere",2023-07-17,16.83
"CHE.lo.ambi.bare.wf.01.03.2","broere",2023-07-17,31.12
"CHE.lo.ambi.bare.wf.01.04.3","broere",2023-07-17,18.2
"CHE.hi.warm.vege.wf.01.07.1","broere",2023-08-08,0.452
"CHE.hi.warm.vege.wf.01.03.1","broere",2023-08-08,0.6176
"CHE.hi.warm.vege.wf.01.04.2","broere",2023-08-08,0.2997
"CHE.lo.ambi.vege.wf.01.04.1","broere",2023-07-17,4.23
"CHE.lo.ambi.vege.wf.01.03.1","broere",2023-07-17,6.18
"CHE.lo.ambi.vege.wf.01.07.1","broere",2023-07-17,3.69
"CHE.hi.ambi.vege.wf.01.03.1","broere",2023-08-08,0.8237
"CHE.hi.ambi.vege.wf.01.07.1","broere",2023-08-08,0.3376
"CHE.hi.ambi.vege.wf.01.04.1","broere",2023-08-08,1.3011
"CHE.hi.ambi.bare.wf.01.04.1","broere",2023-08-09,3.99
"CHE.hi.ambi.bare.wf.01.03.2","broere",2023-08-09,1.78
"CHE.hi.ambi.bare.wf.01.07.1","broere",2023-08-09,12.61
"CHE.hi.warm.bare.wf.01.04.1","broere",2023-08-09,0.0489
"CHE.hi.warm.bare.wf.01.07.1","broere",2023-08-09,0.53
"CHE.hi.warm.bare.wf.01.03.1","broere",2023-08-09,2.92
"CHE.lo.ambi.vege.wf.02.07.2","broere",2023-07-17,1.69
"CHE.lo.ambi.vege.wf.02.04.1","broere",2023-07-17,11.55
"CHE.lo.ambi.vege.wf.02.03.2","broere",2023-07-17,2.93
"CHE.hi.ambi.vege.wf.02.04.1","broere",2023-08-09,0.5044
"CHE.hi.ambi.vege.wf.02.03.1","broere",2023-08-09,0.676
"CHE.hi.ambi.vege.wf.02.07.1","broere",2023-08-09,0.3501
"CHE.lo.ambi.bare.wf.02.04.2","broere",2023-07-18,31.82
"CHE.lo.ambi.bare.wf.02.07.3","broere",2023-07-19,29.18
"CHE.lo.ambi.bare.wf.02.03.3","broere",2023-07-18,0.0142
"CHE.hi.warm.bare.wf.02.07.1","broere",2023-08-09,6.75
"CHE.hi.warm.bare.wf.02.04.1","broere",2023-08-09,0.3225
"CHE.hi.warm.bare.wf.02.03.1","broere",2023-08-09,6.97
"CHE.hi.ambi.bare.wf.02.07.1","broere",2023-08-09,6.27
"CHE.hi.ambi.bare.wf.02.03.1","broere",2023-08-09,8.8
"CHE.hi.ambi.bare.wf.02.04.1","broere",2023-08-09,5.22
"CHE.hi.warm.vege.wf.02.04.1","broere",2023-08-09,0.3265
"CHE.hi.warm.vege.wf.02.07.1","broere",2023-08-09,0.6785
"CHE.hi.warm.vege.wf.02.03.1","broere",2023-08-09,0.2455
"CHE.lo.ambi.vege.wf.03.04.1","broere",2023-07-17,6.26
"CHE.lo.ambi.vege.wf.03.07.1","broere",2023-07-17,3.22
"CHE.lo.ambi.vege.wf.03.03.1","broere",2023-07-17,4.89
"CHE.hi.ambi.vege.wf.03.03.2","broere",2023-08-08,0.2069
"CHE.hi.ambi.vege.wf.03.04.1","broere",2023-08-08,0.3418
"CHE.hi.ambi.vege.wf.03.07.1","broere",2023-08-08,0.2138
"CHE.hi.warm.bare.wf.03.03.1","broere",2023-08-09,4.61
"CHE.hi.warm.bare.wf.03.07.1","broere",2023-08-09,8.71
"CHE.hi.ambi.bare.wf.03.03.2","broere",2023-08-09,0.49
"CHE.hi.ambi.bare.wf.03.04.1","broere",2023-08-09,6.77
"CHE.hi.ambi.bare.wf.03.07.1","broere",2023-08-09,11.97
"CHE.hi.warm.vege.wf.03.03.1","broere",2023-08-08,0.2095
"CHE.hi.warm.vege.wf.03.07.1","broere",2023-08-08,0.4044
"CHE.hi.warm.vege.wf.03.04.1","broere",2023-08-08,0.3531
"CHE.lo.ambi.vege.wf.04.04.1","broere",2023-07-17,0.89
"CHE.lo.ambi.vege.wf.04.07.1","broere",2023-07-17,0.3011
"CHE.lo.ambi.vege.wf.04.03.1","broere",2023-07-17,0.781
"CHE.hi.ambi.bare.wf.04.07.1","broere",2023-08-09,4.85
"CHE.hi.ambi.bare.wf.04.04.1","broere",2023-08-09,2.42
"CHE.lo.ambi.bare.wf.04.04.2","broere",2023-07-18,61.49
"CHE.lo.ambi.bare.wf.04.07.2","broere",2023-07-19,41.38
"CHE.hi.warm.vege.wf.04.03.1","broere",2023-08-08,0.2624
"CHE.hi.warm.vege.wf.04.04.1","broere",2023-08-08,0.3313
"CHE.hi.warm.vege.wf.04.07.1","broere",2023-08-08,0.4296
"CHE.hi.warm.bare.wf.04.07.1","broere",2023-08-09,6.57
"CHE.hi.warm.bare.wf.04.04.1","broere",2023-08-09,8.92
"CHE.hi.warm.bare.wf.04.03.1","broere",2023-08-09,6.69
"CHE.hi.ambi.vege.wf.04.03.1","broere",2023-08-08,1.2318
"CHE.hi.ambi.vege.wf.04.04.1","broere",2023-08-08,0.2878
"CHE.hi.ambi.vege.wf.04.07.1","broere",2023-08-08,0.5678
"CHE.lo.ambi.vege.wf.05.07.1","broere",2023-07-17,0.82
"CHE.lo.ambi.vege.wf.05.03.1","broere",2023-07-17,0.32
"CHE.lo.ambi.vege.wf.05.04.1","broere",2023-07-17,0.91
"CHE.hi.ambi.bare.wf.05.03.1","broere",2023-08-09,3.15
"CHE.hi.ambi.bare.wf.05.04.1","broere",2023-08-09,9.75
"CHE.hi.ambi.bare.wf.05.07.1","broere",2023-08-09,9.83
"CHE.lo.ambi.bare.wf.05.04.2","broere",2023-07-19,24.18
"CHE.hi.warm.vege.wf.05.07.1","broere",2023-08-08,1.8932
"CHE.hi.warm.vege.wf.05.03.2","broere",2023-08-08,0.5649
"CHE.hi.warm.vege.wf.05.04.1","broere",2023-08-08,0.5428
"CHE.hi.warm.bare.wf.05.04.1","broere",2023-08-09,5.24
"CHE.hi.warm.bare.wf.05.07.1","broere",2023-08-09,1.64
"CHE.hi.warm.bare.wf.05.03.1","broere",2023-08-09,1.79
"CHE.hi.ambi.vege.wf.05.03.1","broere",2023-08-08,0.1982
"CHE.hi.ambi.vege.wf.05.04.1","broere",2023-08-08,0.2751
"CHE.hi.ambi.vege.wf.05.07.1","broere",2023-08-08,0.0665
"CHE.lo.ambi.vege.wf.06.07.1","broere",2023-07-17,2.33
"CHE.lo.ambi.vege.wf.06.03.2","broere",2023-07-17,2.89
"CHE.lo.ambi.vege.wf.06.04.2","broere",2023-07-17,0.3864
"CHE.hi.warm.bare.wf.06.03.1","broere",2023-08-09,0.52
"CHE.hi.warm.bare.wf.06.04.1","broere",2023-08-09,0.81
"CHE.lo.ambi.bare.wf.06.04.2","broere",2023-07-18,22.27
"CHE.lo.ambi.bare.wf.06.03.2","broere",2023-07-18,28.32
"CHE.lo.ambi.bare.wf.06.07.2","broere",2023-07-18,33.32
"CHE.hi.ambi.vege.wf.06.04.2","broere",2023-08-08,0.1904
"CHE.hi.ambi.vege.wf.06.07.1","broere",2023-08-08,0.1408
"CHE.hi.ambi.vege.wf.06.03.1","broere",2023-08-08,0.2996
"CHE.hi.ambi.bare.wf.06.07.1","broere",2023-08-09,14.09
"CHE.hi.ambi.bare.wf.06.03.1","broere",2023-08-09,6.66
"CHE.hi.ambi.bare.wf.06.04.1","broere",2023-08-09,5.47
"CHE.hi.warm.vege.wf.06.03.1","broere",2023-08-08,0.189
"CHE.hi.warm.vege.wf.06.07.1","broere",2023-08-08,0.2021
"CHE.hi.warm.vege.wf.06.04.1","broere",2023-08-08,0.2571
"CHE.hi.warm.bare.wf.07.03.2","broere",2023-08-09,5.92
"CHE.hi.warm.bare.wf.07.04.1","broere",2023-08-09,3.14
"CHE.hi.warm.bare.wf.07.07.1","broere",2023-08-09,2.17
"CHE.lo.ambi.bare.wf.07.04.2","broere",2023-07-18,51.1
"CHE.lo.ambi.bare.wf.07.01.3","broere",2023-07-18,3.47
"CHE.hi.ambi.vege.wf.07.07.1","broere",2023-08-09,0.1307
"CHE.hi.ambi.vege.wf.07.04.1","broere",2023-08-09,0.0987
"CHE.hi.ambi.vege.wf.07.03.1","broere",2023-08-09,0.0353
"CHE.lo.ambi.vege.wf.07.04.1","broere",2023-07-17,0.3609
"CHE.lo.ambi.vege.wf.07.03.1","broere",2023-07-17,0.3813
"CHE.lo.ambi.vege.wf.07.07.1","broere",2023-07-17,0.69
"CHE.hi.warm.vege.wf.07.07.1","broere",2023-08-09,0.3842
"CHE.hi.warm.vege.wf.07.03.1","broere",2023-08-09,0.0985
"CHE.hi.warm.vege.wf.07.04.1","broere",2023-08-09,0.1964
"CHE.hi.ambi.bare.wf.07.03.1","broere",2023-08-09,2.32
"CHE.hi.ambi.bare.wf.07.04.1","broere",2023-08-09,3.7
"CHE.hi.ambi.bare.wf.07.07.1","broere",2023-08-09,7.05
"CHE.lo.ambi.bare.wf.08.07.2","broere",2023-07-18,48.26
"CHE.lo.ambi.bare.wf.08.04.3","broere",2023-07-18,36.85
"CHE.hi.ambi.vege.wf.08.03.1","broere",2023-08-08,0.1262
"CHE.hi.ambi.vege.wf.08.07.1","broere",2023-08-08,0.1194
"CHE.hi.ambi.vege.wf.08.04.1","broere",2023-08-08,0.1444
"CHE.lo.ambi.vege.wf.08.04.1","broere",2023-07-17,0.565
"CHE.lo.ambi.vege.wf.08.03.1","broere",2023-07-17,0.1562
"CHE.lo.ambi.vege.wf.08.07.1","broere",2023-07-17,0.0351
"CHE.hi.warm.bare.wf.08.07.1","broere",2023-08-09,10.9
"CHE.hi.warm.bare.wf.08.04.1","broere",2023-08-09,8.13
"CHE.hi.warm.bare.wf.08.03.1","broere",2023-08-09,8.33
"CHE.hi.ambi.bare.wf.08.03.1","broere",2023-08-09,3.5
"CHE.hi.ambi.bare.wf.08.04.1","broere",2023-08-09,3.31
"CHE.hi.ambi.bare.wf.08.07.1","broere",2023-08-09,2.84
"CHE.hi.warm.vege.wf.08.07.1","broere",2023-08-08,0.3719
"CHE.hi.warm.vege.wf.08.03.1","broere",2023-08-08,0.5321
"CHE.hi.warm.vege.wf.08.04.1","broere",2023-08-08,0.2996
"CHE.hi.warm.bare.wf.09.03.1","broere",2023-08-09,7.54
"CHE.hi.warm.bare.wf.09.07.1","broere",2023-08-09,7.5
"CHE.lo.ambi.bare.wf.09.04.2","broere",2023-07-18,6.92
"CHE.lo.ambi.bare.wf.09.03.3","broere",2023-07-18,4.07
"CHE.lo.ambi.vege.wf.09.07.1","broere",2023-07-17,0.75
"CHE.lo.ambi.vege.wf.09.03.1","broere",2023-07-17,0.59
"CHE.lo.ambi.vege.wf.09.04.2","broere",2023-07-17,0.0728
"CHE.hi.ambi.bare.wf.09.03.1","broere",2023-08-09,2.3
"CHE.hi.ambi.bare.wf.09.04.1","broere",2023-08-09,5.87
"CHE.hi.ambi.bare.wf.09.07.1","broere",2023-08-09,9.27
"CHE.hi.ambi.vege.wf.09.04.1","broere",2023-08-08,0.2436
"CHE.hi.ambi.vege.wf.09.03.1","broere",2023-08-08,0.4471
"CHE.hi.ambi.vege.wf.09.07.1","broere",2023-08-08,0.4905
"CHE.hi.warm.vege.wf.09.04.1","broere",2023-08-08,0.148
"CHE.hi.warm.vege.wf.09.07.2","broere",2023-08-08,0.3226
"CHE.hi.warm.vege.wf.09.03.1","broere",2023-08-08,0.2646
"CHE.lo.ambi.bare.wf.10.04.2","broere",2023-07-17,6.9
"CHE.lo.ambi.bare.wf.10.07.3","broere",2023-07-17,36.75
"CHE.lo.ambi.bare.wf.10.03.3","broere",2023-07-17,31.26
"CHE.hi.warm.vege.wf.10.03.1","broere",2023-08-08,1.5522
"CHE.hi.warm.vege.wf.10.07.1","broere",2023-08-08,0.8427
"CHE.hi.warm.vege.wf.10.04.1","broere",2023-08-08,0.6337
"CHE.lo.ambi.vege.wf.10.03.1","broere",2023-07-17,2.03
"CHE.lo.ambi.vege.wf.10.07.1","broere",2023-07-17,0.1784
"CHE.lo.ambi.vege.wf.10.04.1","broere",2023-07-17,0.1841
"CHE.hi.ambi.vege.wf.10.07.1","broere",2023-08-08,0.4367
"CHE.hi.ambi.vege.wf.10.04.1","broere",2023-08-08,1.3593
"CHE.hi.ambi.vege.wf.10.03.1","broere",2023-08-08,0.9246
"CHE.hi.warm.bare.wf.10.04.1","broere",2023-08-09,8.94
"CHE.hi.warm.bare.wf.10.03.1","broere",2023-08-09,9.2
"CHE.hi.warm.bare.wf.10.07.1","broere",2023-08-09,10.35
"CHE.hi.ambi.bare.wf.10.07.1","broere",2023-08-09,7.81
"CHE.hi.ambi.bare.wf.10.03.1","broere",2023-08-09,3.35
"CHE.hi.ambi.bare.wf.10.04.1","broere",2023-08-09,6.66
"CHE.lo.ambi.bare.wf.01.14.2","cenjac",2023-07-18,6.01
"CHE.lo.ambi.bare.wf.01.30.1","cenjac",2023-07-19,4.09
"CHE.lo.ambi.bare.wf.01.25.2","cenjac",2023-07-18,0.1202
"CHE.hi.warm.vege.wf.01.30.2","cenjac",2023-08-14,0.1274
"CHE.hi.warm.vege.wf.01.25.2","cenjac",2023-08-14,0.0492
"CHE.lo.ambi.vege.wf.01.30.1","cenjac",2023-07-17,6
"CHE.lo.ambi.vege.wf.01.25.1","cenjac",2023-07-17,5.51
"CHE.lo.ambi.vege.wf.01.14.1","cenjac",2023-07-17,1.08
"CHE.hi.ambi.vege.wf.01.14.1","cenjac",2023-08-14,0.4901
"CHE.hi.ambi.vege.wf.01.30.1","cenjac",2023-08-14,0.7111
"CHE.hi.ambi.vege.wf.01.25.1","cenjac",2023-08-14,0.6786
"CHE.hi.ambi.bare.wf.01.30.1","cenjac",2023-08-15,4.37
"CHE.hi.ambi.bare.wf.01.25.1","cenjac",2023-08-15,3.29
"CHE.hi.ambi.bare.wf.01.14.1","cenjac",2023-08-15,0.83
"CHE.hi.warm.bare.wf.01.14.1","cenjac",2023-08-15,3.58
"CHE.hi.warm.bare.wf.01.30.1","cenjac",2023-08-15,1.09
"CHE.hi.warm.bare.wf.01.25.1","cenjac",2023-08-15,2.31
"CHE.lo.ambi.vege.wf.02.30.1","cenjac",2023-07-17,5.52
"CHE.lo.ambi.vege.wf.02.25.1","cenjac",2023-07-19,0.1152
"CHE.lo.ambi.vege.wf.02.14.1","cenjac",2023-07-17,1.05
"CHE.hi.ambi.vege.wf.02.25.1","cenjac",2023-08-14,0.2265
"CHE.hi.ambi.vege.wf.02.14.1","cenjac",2023-08-14,0.6082
"CHE.hi.ambi.vege.wf.02.30.1","cenjac",2023-08-14,0.4986
"CHE.lo.ambi.bare.wf.02.14.2","cenjac",2023-07-18,21.64
"CHE.lo.ambi.bare.wf.02.30.2","cenjac",2023-07-18,1.92
"CHE.lo.ambi.bare.wf.02.25.2","cenjac",2023-07-18,15.72
"CHE.hi.warm.bare.wf.02.14.1","cenjac",2023-08-15,3.95
"CHE.hi.warm.bare.wf.02.25.2","cenjac",2023-08-15,6.4
"CHE.hi.warm.bare.wf.02.30.1","cenjac",2023-08-15,3.46
"CHE.hi.ambi.bare.wf.02.14.1","cenjac",2023-08-15,1.37
"CHE.hi.ambi.bare.wf.02.30.2","cenjac",2023-08-15,1.16
"CHE.hi.ambi.bare.wf.02.25.1","cenjac",2023-08-15,2.18
"CHE.hi.warm.vege.wf.02.30.1","cenjac",2023-08-14,0.3137
"CHE.hi.warm.vege.wf.02.14.1","cenjac",2023-08-14,0.0174
"CHE.hi.warm.vege.wf.02.25.1","cenjac",2023-08-14,0.73
"CHE.lo.ambi.vege.wf.03.14.1","cenjac",2023-07-17,2.7
"CHE.lo.ambi.vege.wf.03.25.1","cenjac",2023-07-17,5.22
"CHE.lo.ambi.vege.wf.03.30.1","cenjac",2023-07-17,4.86
"CHE.hi.ambi.vege.wf.03.25.1","cenjac",2023-08-14,0.1046
"CHE.hi.ambi.vege.wf.03.30.1","cenjac",2023-08-14,0.0129
"CHE.hi.ambi.vege.wf.03.14.1","cenjac",2023-08-14,0.2227
"CHE.lo.ambi.bare.wf.03.30.1","cenjac",2023-07-17,4.4
"CHE.lo.ambi.bare.wf.03.14.1","cenjac",2023-07-17,13.59
"CHE.lo.ambi.bare.wf.03.25.1","cenjac",2023-07-17,15.24
"CHE.hi.warm.bare.wf.03.30.1","cenjac",2023-08-15,0.86
"CHE.hi.warm.bare.wf.03.25.1","cenjac",2023-08-15,1.5
"CHE.hi.warm.bare.wf.03.14.1","cenjac",2023-08-15,0.4517
"CHE.hi.ambi.bare.wf.03.30.1","cenjac",2023-08-15,0.54
"CHE.hi.ambi.bare.wf.03.14.1","cenjac",2023-08-15,1.28
"CHE.hi.warm.vege.wf.03.30.2","cenjac",2023-08-14,0.1649
"CHE.hi.warm.vege.wf.03.14.1","cenjac",2023-08-14,0.017
"CHE.hi.warm.vege.wf.03.25.1","cenjac",2023-08-14,0.0787
"CHE.lo.ambi.vege.wf.04.14.1","cenjac",2023-07-17,1.75
"CHE.lo.ambi.vege.wf.04.30.1","cenjac",2023-07-17,1.06
"CHE.lo.ambi.vege.wf.04.25.1","cenjac",2023-07-17,0.91
"CHE.hi.ambi.bare.wf.04.25.2","cenjac",2023-08-15,0.5927
"CHE.hi.ambi.bare.wf.04.14.2","cenjac",2023-08-15,0.61
"CHE.lo.ambi.bare.wf.04.14.2","cenjac",2023-07-17,19.11
"CHE.lo.ambi.bare.wf.04.30.2","cenjac",2023-07-17,22.19
"CHE.lo.ambi.bare.wf.04.25.2","cenjac",2023-07-17,8.06
"CHE.hi.warm.vege.wf.04.25.1","cenjac",2023-08-14,1.15
"CHE.hi.warm.vege.wf.04.14.1","cenjac",2023-08-14,0.1695
"CHE.hi.warm.vege.wf.04.30.1","cenjac",2023-08-14,0.1583
"CHE.hi.warm.bare.wf.04.14.1","cenjac",2023-08-15,1.21
"CHE.hi.warm.bare.wf.04.25.2","cenjac",2023-08-15,2.99
"CHE.hi.warm.bare.wf.04.30.2","cenjac",2023-08-15,4.75
"CHE.hi.ambi.vege.wf.04.30.1","cenjac",2023-08-14,0.5
"CHE.hi.ambi.vege.wf.04.14.1","cenjac",2023-08-14,0.0572
"CHE.hi.ambi.vege.wf.04.25.1","cenjac",2023-08-14,0.0505
"CHE.lo.ambi.vege.wf.05.25.1","cenjac",2023-07-17,0.1251
"CHE.lo.ambi.vege.wf.05.30.1","cenjac",2023-07-17,0.69
"CHE.hi.ambi.bare.wf.05.30.1","cenjac",2023-08-15,5.07
"CHE.hi.ambi.bare.wf.05.25.1","cenjac",2023-08-15,6.54
"CHE.hi.ambi.bare.wf.05.14.1","cenjac",2023-08-15,17.43
"CHE.lo.ambi.bare.wf.05.30.1","cenjac",2023-07-17,4.92
"CHE.lo.ambi.bare.wf.05.14.1","cenjac",2023-07-17,17.45
"CHE.lo.ambi.bare.wf.05.25.2","cenjac",2023-07-17,29.55
"CHE.hi.warm.vege.wf.05.25.1","cenjac",2023-08-14,0.1785
"CHE.hi.warm.vege.wf.05.30.1","cenjac",2023-08-14,0.2409
"CHE.hi.warm.vege.wf.05.14.1","cenjac",2023-08-14,0.0977
"CHE.hi.warm.bare.wf.05.25.1","cenjac",2023-08-15,1.3707
"CHE.hi.warm.bare.wf.05.30.1","cenjac",2023-08-15,0.5286
"CHE.hi.ambi.vege.wf.05.25.1","cenjac",2023-08-14,0.0454
"CHE.hi.ambi.vege.wf.05.14.1","cenjac",2023-08-14,0.402
"CHE.lo.ambi.vege.wf.06.30.1","cenjac",2023-07-17,3.27
"CHE.lo.ambi.vege.wf.06.25.1","cenjac",2023-07-17,0.49
"CHE.lo.ambi.vege.wf.06.14.1","cenjac",2023-07-17,0.3404
"CHE.hi.warm.bare.wf.06.14.1","cenjac",2023-08-15,3.73
"CHE.hi.warm.bare.wf.06.25.1","cenjac",2023-08-15,0.85
"CHE.hi.warm.bare.wf.06.30.1","cenjac",2023-08-15,1.75
"CHE.lo.ambi.bare.wf.06.30.2","cenjac",2023-07-18,6.85
"CHE.lo.ambi.bare.wf.06.25.2","cenjac",2023-07-18,8.38
"CHE.lo.ambi.bare.wf.06.14.2","cenjac",2023-07-18,12.99
"CHE.hi.ambi.vege.wf.06.30.1","cenjac",2023-08-14,0.2819
"CHE.hi.ambi.vege.wf.06.14.1","cenjac",2023-08-14,0.1846
"CHE.hi.ambi.vege.wf.06.25.1","cenjac",2023-08-14,0.063
"CHE.hi.ambi.bare.wf.06.14.1","cenjac",2023-08-15,0.81
"CHE.hi.ambi.bare.wf.06.25.1","cenjac",2023-08-15,2.48
"CHE.hi.ambi.bare.wf.06.30.1","cenjac",2023-08-15,0.89
"CHE.hi.warm.vege.wf.06.30.1","cenjac",2023-08-14,0.0836
"CHE.hi.warm.vege.wf.06.14.1","cenjac",2023-08-14,0.0465
"CHE.hi.warm.vege.wf.06.25.1","cenjac",2023-08-14,0.6156
"CHE.lo.ambi.bare.wf.07.30.2","cenjac",2023-07-18,26.39
"CHE.lo.ambi.bare.wf.07.25.2","cenjac",2023-07-18,27.88
"CHE.lo.ambi.bare.wf.07.14.2","cenjac",2023-07-18,9.63
"CHE.hi.warm.bare.wf.07.30.1","cenjac",2023-08-15,0.3645
"CHE.hi.warm.bare.wf.07.14.1","cenjac",2023-08-15,0.2557
"CHE.lo.ambi.vege.wf.07.14.1","cenjac",2023-07-17,0.3719
"CHE.lo.ambi.vege.wf.07.30.1","cenjac",2023-07-17,0.3806
"CHE.lo.ambi.vege.wf.07.25.1","cenjac",2023-07-17,0.4403
"CHE.hi.ambi.vege.wf.07.30.1","cenjac",2023-08-14,0.0382
"CHE.hi.ambi.vege.wf.07.14.2","cenjac",2023-08-14,0.0324
"CHE.hi.ambi.vege.wf.07.25.1","cenjac",2023-08-14,0.0186
"CHE.hi.warm.vege.wf.07.14.1","cenjac",2023-08-14,0.0187
"CHE.hi.warm.vege.wf.07.25.1","cenjac",2023-08-14,0.2203
"CHE.hi.warm.vege.wf.07.30.1","cenjac",2023-08-14,0.4227
"CHE.hi.ambi.bare.wf.07.30.2","cenjac",2023-08-15,0.4651
"CHE.hi.ambi.bare.wf.07.25.1","cenjac",2023-08-15,0.3882
"CHE.hi.ambi.bare.wf.07.14.1","cenjac",2023-08-15,0.5726
"CHE.lo.ambi.bare.wf.08.14.1","cenjac",2023-07-18,12.39
"CHE.lo.ambi.bare.wf.08.25.2","cenjac",2023-07-18,31.84
"CHE.lo.ambi.bare.wf.08.30.2","cenjac",2023-07-18,3.54
"CHE.lo.ambi.vege.wf.08.30.1","cenjac",2023-07-19,1.9
"CHE.lo.ambi.vege.wf.08.14.1","cenjac",2023-07-17,0.4498
"CHE.lo.ambi.vege.wf.08.25.1","cenjac",2023-07-17,0.2921
"CHE.hi.ambi.vege.wf.08.30.1","cenjac",2023-08-14,0.4282
"CHE.hi.ambi.vege.wf.08.25.1","cenjac",2023-08-14,0.2564
"CHE.hi.ambi.vege.wf.08.14.1","cenjac",2023-08-14,0.2025
"CHE.hi.warm.bare.wf.08.14.1","cenjac",2023-08-15,0.0774
"CHE.hi.warm.bare.wf.08.25.1","cenjac",2023-08-15,1.56
"CHE.hi.warm.bare.wf.08.30.2","cenjac",2023-08-15,2.48
"CHE.hi.ambi.bare.wf.08.30.2","cenjac",2023-08-15,1.31
"CHE.hi.ambi.bare.wf.08.25.1","cenjac",2023-08-15,1.08
"CHE.hi.ambi.bare.wf.08.14.1","cenjac",2023-08-15,3.91
"CHE.hi.warm.vege.wf.08.30.1","cenjac",2023-08-14,0.0748
"CHE.hi.warm.vege.wf.08.14.1","cenjac",2023-08-14,0.04
"CHE.hi.warm.vege.wf.08.25.1","cenjac",2023-08-14,0.0324
"CHE.lo.ambi.bare.wf.09.25.1","cenjac",2023-07-18,32.11
"CHE.lo.ambi.bare.wf.09.30.1","cenjac",2023-07-18,19.28
"CHE.lo.ambi.bare.wf.09.14.1","cenjac",2023-07-19,48.13
"CHE.hi.warm.bare.wf.09.14.1","cenjac",2023-08-15,1.34
"CHE.hi.warm.bare.wf.09.25.1","cenjac",2023-08-15,1.71
"CHE.hi.warm.bare.wf.09.30.2","cenjac",2023-08-15,1.59
"CHE.lo.ambi.vege.wf.09.30.1","cenjac",2023-07-17,1.06
"CHE.lo.ambi.vege.wf.09.25.1","cenjac",2023-07-17,0.7
"CHE.lo.ambi.vege.wf.09.14.1","cenjac",2023-07-17,0.0932
"CHE.hi.ambi.bare.wf.09.14.1","cenjac",2023-08-14,0.65
"CHE.hi.ambi.bare.wf.09.30.1","cenjac",2023-08-14,0.1517
"CHE.hi.ambi.bare.wf.09.25.1","cenjac",2023-08-14,0.0092
"CHE.hi.ambi.vege.wf.09.25.1","cenjac",2023-08-15,0.17
"CHE.hi.ambi.vege.wf.09.14.1","cenjac",2023-08-15,0.3328
"CHE.hi.ambi.vege.wf.09.30.1","cenjac",2023-08-15,0.127
"CHE.hi.warm.vege.wf.09.25.1","cenjac",2023-08-14,0.1165
"CHE.hi.warm.vege.wf.09.30.1","cenjac",2023-08-14,0.2019
"CHE.lo.ambi.bare.wf.10.14.2","cenjac",2023-07-18,14.3
"CHE.lo.ambi.bare.wf.10.30.2","cenjac",2023-07-18,10.23
"CHE.lo.ambi.bare.wf.10.25.2","cenjac",2023-07-18,1.15
"CHE.lo.ambi.vege.wf.10.25.1","cenjac",2023-07-17,1.02
"CHE.lo.ambi.vege.wf.10.14.1","cenjac",2023-07-17,0.68
"CHE.lo.ambi.vege.wf.10.30.1","cenjac",2023-07-17,NA
"CHE.hi.warm.vege.wf.10.14.1","cenjac",2023-08-14,0.1008
"CHE.hi.warm.vege.wf.10.25.1","cenjac",2023-08-14,0.1003
"CHE.hi.warm.vege.wf.10.30.1","cenjac",2023-08-14,0.0869
"CHE.hi.ambi.vege.wf.10.25.1","cenjac",2023-08-14,0.84
"CHE.hi.ambi.vege.wf.10.14.1","cenjac",2023-08-14,0.0407
"CHE.hi.ambi.vege.wf.10.30.2","cenjac",2023-08-14,0.0187
"CHE.hi.warm.bare.wf.10.14.1","cenjac",2023-08-15,0.0874
"CHE.hi.warm.bare.wf.10.25.1","cenjac",2023-08-15,1.19
"CHE.hi.warm.bare.wf.10.30.1","cenjac",2023-08-15,1.58
"CHE.hi.ambi.bare.wf.10.14.1","cenjac",2023-08-15,2.22
"CHE.hi.ambi.bare.wf.10.25.1","cenjac",2023-08-15,2.18
"CHE.hi.ambi.bare.wf.10.30.2","cenjac",2023-08-15,1.51
"CHE.lo.ambi.vege.wf.01.13.2","daucar",2023-08-16,0.0625
"CHE.hi.ambi.vege.wf.01.02.2","daucar",2023-08-21,0.1202
"CHE.hi.ambi.bare.wf.01.12.1","daucar",2023-08-21,0.1448
"CHE.lo.ambi.vege.wf.02.12.1","daucar",2023-08-16,11.43
"CHE.hi.ambi.vege.wf.02.02.1","daucar",2023-08-21,0.013
"CHE.hi.ambi.vege.wf.02.12.1","daucar",2023-08-21,0.3545
"CHE.hi.ambi.vege.wf.02.13.1","daucar",2023-08-21,0.2678
"CHE.lo.ambi.bare.wf.02.02.2","daucar",2023-08-16,0.1508
"CHE.hi.warm.vege.wf.02.12.1","daucar",2023-08-21,0.1965
"CHE.hi.warm.vege.wf.02.02.1","daucar",2023-08-21,0.0918
"CHE.hi.ambi.vege.wf.03.02.1","daucar",2023-08-21,0.112
"CHE.lo.ambi.vege.wf.04.12.1","daucar",2023-08-16,0.1445
"CHE.lo.ambi.vege.wf.04.13.1","daucar",2023-08-16,0.3892
"CHE.hi.warm.vege.wf.04.02.1","daucar",2023-08-21,0.0309
"CHE.hi.ambi.vege.wf.04.13.1","daucar",2023-08-21,0.0048
"CHE.hi.ambi.vege.wf.04.02.1","daucar",2023-08-21,0.1586
"CHE.hi.ambi.bare.wf.05.12.1","daucar",2023-08-21,0.6
"CHE.hi.ambi.bare.wf.05.02.1","daucar",2023-08-21,0.1429
"CHE.hi.warm.vege.wf.05.02.1","daucar",2023-08-21,0.1412
"CHE.hi.warm.vege.wf.05.13.1","daucar",2023-08-21,0.0268
"CHE.hi.ambi.vege.wf.05.12.1","daucar",2023-08-21,0.0541
"CHE.hi.ambi.vege.wf.05.13.1","daucar",2023-08-21,0.0535
"CHE.lo.ambi.vege.wf.06.12.4","daucar",2023-08-16,0.4712
"CHE.hi.ambi.vege.wf.06.13.1","daucar",2023-08-21,0.3547
"CHE.hi.ambi.vege.wf.06.02.1","daucar",2023-08-21,0.0732
"CHE.hi.warm.vege.wf.06.02.1","daucar",2023-08-21,0.0713
"CHE.lo.ambi.vege.wf.07.12.1","daucar",2023-08-16,2.71
"CHE.hi.warm.vege.wf.07.02.1","daucar",2023-08-21,0.0059
"CHE.hi.warm.vege.wf.07.13.1","daucar",2023-08-21,0.0253
"CHE.hi.warm.vege.wf.07.12.1","daucar",2023-08-21,0.0141
"CHE.lo.ambi.vege.wf.08.02.1","daucar",2023-08-16,1.61
"CHE.hi.ambi.vege.wf.08.02.1","daucar",2023-08-21,0.2386
"CHE.hi.ambi.vege.wf.08.12.1","daucar",2023-08-21,0.047
"CHE.hi.warm.vege.wf.08.12.1","daucar",2023-08-21,0.0459
"CHE.hi.warm.vege.wf.08.13.1","daucar",2023-08-21,0.0403
"CHE.hi.warm.vege.wf.08.02.1","daucar",2023-08-21,0.0255
"CHE.hi.ambi.vege.wf.09.13.2","daucar",2023-08-21,0.034
"CHE.hi.ambi.vege.wf.09.02.1","daucar",2023-08-21,0.1196
"CHE.hi.warm.vege.wf.09.12.1","daucar",2023-08-21,0.1444
"CHE.hi.warm.vege.wf.09.02.1","daucar",2023-08-21,0.0546
"CHE.lo.ambi.vege.wf.10.13.1","daucar",2023-08-16,0.0422
"CHE.hi.warm.vege.wf.10.12.1","daucar",2023-08-21,0.0374
"CHE.hi.warm.vege.wf.10.13.1","daucar",2023-08-21,0.1222
"CHE.hi.ambi.vege.wf.10.12.1","daucar",2023-08-21,0.58
"CHE.hi.warm.vege.wf.01.05.1","hypper",2023-08-29,0.1025
"CHE.hi.warm.vege.wf.01.15.1","hypper",2023-08-29,0.275
"CHE.hi.warm.vege.wf.01.18.1","hypper",2023-08-29,0.288
"CHE.lo.ambi.bare.wf.01.05.2","hypper",2023-07-25,7.16
"CHE.lo.ambi.bare.wf.01.15.1","hypper",2023-07-25,12.66
"CHE.lo.ambi.bare.wf.01.18.2","hypper",2023-07-25,10.53
"CHE.hi.ambi.vege.wf.01.05.2","hypper",2023-08-29,0.0114
"CHE.hi.ambi.vege.wf.01.18.1","hypper",2023-08-29,0.2473
"CHE.hi.ambi.vege.wf.01.15.1","hypper",2023-08-29,0.0356
"CHE.lo.ambi.vege.wf.01.15.1","hypper",2023-07-25,1.03
"CHE.lo.ambi.vege.wf.01.18.1","hypper",2023-07-25,0.2668
"CHE.lo.ambi.vege.wf.01.05.1","hypper",2023-07-25,0.1498
"CHE.hi.ambi.bare.wf.01.15.1","hypper",2023-08-30,6.15
"CHE.hi.ambi.bare.wf.01.05.1","hypper",2023-08-30,4.57
"CHE.hi.ambi.bare.wf.01.18.1","hypper",2023-08-30,20.22
"CHE.hi.warm.bare.wf.01.05.1","hypper",2023-08-30,1.32
"CHE.hi.warm.bare.wf.01.18.1","hypper",2023-08-30,6.36
"CHE.hi.warm.bare.wf.01.15.1","hypper",2023-08-30,7.25
"CHE.hi.ambi.vege.wf.02.05.1","hypper",2023-08-29,0.0958
"CHE.hi.ambi.vege.wf.02.15.1","hypper",2023-08-29,0.0144
"CHE.hi.ambi.vege.wf.02.18.1","hypper",2023-08-29,0.4715
"CHE.lo.ambi.vege.wf.02.05.1","hypper",2023-07-25,1
"CHE.lo.ambi.vege.wf.02.15.1","hypper",2023-07-25,0.401
"CHE.lo.ambi.bare.wf.02.15.2","hypper",2023-07-24,10.33
"CHE.lo.ambi.bare.wf.02.18.2","hypper",2023-07-25,5.14
"CHE.lo.ambi.bare.wf.02.05.2","hypper",2023-07-24,0.7036
"CHE.hi.warm.bare.wf.02.15.1","hypper",2023-08-29,3.01
"CHE.hi.warm.bare.wf.02.18.1","hypper",2023-08-29,0.5611
"CHE.hi.warm.bare.wf.02.05.1","hypper",2023-08-29,5.13
"CHE.hi.ambi.bare.wf.02.18.1","hypper",2023-08-29,9.12
"CHE.hi.ambi.bare.wf.02.05.1","hypper",2023-08-29,3.75
"CHE.hi.ambi.bare.wf.02.15.1","hypper",2023-08-29,10.25
"CHE.hi.warm.vege.wf.02.18.1","hypper",2023-08-29,0.5303
"CHE.hi.warm.vege.wf.02.15.1","hypper",2023-08-29,0.0852
"CHE.hi.warm.vege.wf.02.05.1","hypper",2023-08-29,0.106
"CHE.hi.ambi.vege.wf.03.05.1","hypper",2023-08-29,0.0882
"CHE.hi.ambi.vege.wf.03.15.1","hypper",2023-08-29,0.121
"CHE.hi.ambi.vege.wf.03.18.1","hypper",2023-08-29,0.0392
"CHE.lo.ambi.vege.wf.03.18.1","hypper",2023-07-25,7.92
"CHE.lo.ambi.vege.wf.03.05.1","hypper",2023-07-25,1.33
"CHE.lo.ambi.vege.wf.03.15.1","hypper",2023-07-25,1.33
"CHE.hi.warm.bare.wf.03.15.1","hypper",2023-08-30,1.71
"CHE.hi.warm.bare.wf.03.18.1","hypper",2023-08-30,0.2712
"CHE.hi.warm.bare.wf.03.05.1","hypper",2023-08-30,1.75
"CHE.lo.ambi.bare.wf.03.15.2","hypper",2023-07-24,8.66
"CHE.lo.ambi.bare.wf.03.05.2","hypper",2023-07-24,4.18
"CHE.lo.ambi.bare.wf.03.18.2","hypper",2023-07-24,3.06
"CHE.hi.ambi.bare.wf.03.05.1","hypper",2023-08-30,0.1935
"CHE.hi.warm.vege.wf.03.05.1","hypper",2023-08-29,0.0364
"CHE.hi.warm.vege.wf.03.15.1","hypper",2023-08-29,0.1755
"CHE.hi.warm.vege.wf.03.18.1","hypper",2023-08-29,0.3071
"CHE.hi.ambi.bare.wf.04.05.1","hypper",2023-08-30,0.6278
"CHE.hi.ambi.bare.wf.04.15.1","hypper",2023-08-30,4.33
"CHE.hi.ambi.bare.wf.04.18.2","hypper",2023-08-30,6.46
"CHE.lo.ambi.vege.wf.04.18.1","hypper",2023-07-25,1.18
"CHE.lo.ambi.vege.wf.04.15.1","hypper",2023-07-25,0.083
"CHE.lo.ambi.vege.wf.04.05.1","hypper",2023-07-25,0.2612
"CHE.hi.warm.vege.wf.04.18.1","hypper",2023-08-29,0.0647
"CHE.hi.warm.vege.wf.04.15.1","hypper",2023-08-29,0.2242
"CHE.hi.warm.vege.wf.04.05.1","hypper",2023-08-29,0.017
"CHE.lo.ambi.bare.wf.04.05.2","hypper",2023-07-25,7.41
"CHE.lo.ambi.bare.wf.04.18.1","hypper",2023-07-25,2.31
"CHE.lo.ambi.bare.wf.04.15.2","hypper",2023-07-25,0.3455
"CHE.hi.warm.bare.wf.04.15.1","hypper",2023-08-30,6.98
"CHE.hi.warm.bare.wf.04.05.1","hypper",2023-08-30,4.5
"CHE.hi.warm.bare.wf.04.18.1","hypper",2023-08-30,10.54
"CHE.hi.ambi.vege.wf.04.18.1","hypper",2023-08-29,0.1356
"CHE.hi.ambi.vege.wf.04.15.1","hypper",2023-08-29,0.3271
"CHE.hi.ambi.vege.wf.04.05.1","hypper",2023-08-29,0.0547
"CHE.hi.ambi.bare.wf.05.18.1","hypper",2023-08-30,18.17
"CHE.hi.ambi.bare.wf.05.15.1","hypper",2023-08-30,8.27
"CHE.hi.ambi.bare.wf.05.05.1","hypper",2023-08-30,2.84
"CHE.lo.ambi.vege.wf.05.05.1","hypper",2023-07-25,1.79
"CHE.lo.ambi.vege.wf.05.15.1","hypper",2023-07-25,3.11
"CHE.lo.ambi.vege.wf.05.18.1","hypper",2023-07-25,0.0973
"CHE.hi.warm.vege.wf.05.05.1","hypper",2023-08-29,0.0434
"CHE.hi.warm.vege.wf.05.15.1","hypper",2023-08-29,0.0597
"CHE.hi.warm.vege.wf.05.18.1","hypper",2023-08-29,0.0822
"CHE.lo.ambi.bare.wf.05.05.2","hypper",2023-07-25,14.61
"CHE.lo.ambi.bare.wf.05.18.2","hypper",2023-07-25,6.81
"CHE.lo.ambi.bare.wf.05.15.2","hypper",2023-07-25,17.45
"CHE.hi.warm.bare.wf.05.05.1","hypper",2023-08-30,0.1044
"CHE.hi.warm.bare.wf.05.15.1","hypper",2023-08-30,1.1692
"CHE.hi.warm.bare.wf.05.18.1","hypper",2023-08-30,0.6888
"CHE.hi.ambi.vege.wf.05.18.1","hypper",2023-08-29,0.226
"CHE.hi.ambi.vege.wf.05.05.1","hypper",2023-08-29,0.6049
"CHE.hi.ambi.vege.wf.05.15.1","hypper",2023-08-29,0.2802
"CHE.hi.warm.bare.wf.06.05.1","hypper",2023-08-30,0.3877
"CHE.hi.warm.bare.wf.06.15.1","hypper",2023-08-30,7.51
"CHE.hi.warm.bare.wf.06.18.1","hypper",2023-08-30,4.84
"CHE.lo.ambi.vege.wf.06.18.1","hypper",2023-07-25,0.74
"CHE.lo.ambi.vege.wf.06.15.1","hypper",2023-07-25,0.1018
"CHE.lo.ambi.vege.wf.06.05.1","hypper",2023-07-25,0.0514
"CHE.lo.ambi.bare.wf.06.18.2","hypper",2023-07-25,8.28
"CHE.lo.ambi.bare.wf.06.15.2","hypper",2023-07-25,9.88
"CHE.lo.ambi.bare.wf.06.05.2","hypper",2023-07-25,5.09
"CHE.hi.ambi.vege.wf.06.18.1","hypper",2023-08-29,0.0703
"CHE.hi.ambi.vege.wf.06.15.1","hypper",2023-08-29,0.4916
"CHE.hi.ambi.vege.wf.06.05.1","hypper",2023-08-29,0.2354
"CHE.hi.ambi.bare.wf.06.05.1","hypper",NA,NA
"CHE.hi.ambi.bare.wf.06.15.1","hypper",NA,NA
"CHE.hi.warm.vege.wf.06.18.1","hypper",2023-08-29,0.2695
"CHE.hi.warm.vege.wf.06.15.1","hypper",2023-08-29,0.1489
"CHE.hi.warm.vege.wf.06.05.1","hypper",2023-08-29,0.0296
"CHE.lo.ambi.bare.wf.07.18.2","hypper",2023-07-25,11.71
"CHE.lo.ambi.bare.wf.07.15.2","hypper",2023-07-25,13.28
"CHE.lo.ambi.bare.wf.07.05.2","hypper",2023-07-25,5.95
"CHE.hi.ambi.vege.wf.07.15.1","hypper",2023-08-29,0.0823
"CHE.hi.ambi.vege.wf.07.05.1","hypper",2023-08-29,0.0417
"CHE.hi.ambi.vege.wf.07.18.1","hypper",2023-08-29,0.042
"CHE.lo.ambi.vege.wf.07.15.1","hypper",2023-07-25,0.75
"CHE.lo.ambi.vege.wf.07.18.1","hypper",2023-07-25,0.0781
"CHE.lo.ambi.vege.wf.07.05.1","hypper",2023-07-25,0.1481
"CHE.hi.warm.vege.wf.07.05.1","hypper",2023-08-29,0.0459
"CHE.hi.warm.vege.wf.07.15.1","hypper",2023-08-29,0.1889
"CHE.hi.warm.vege.wf.07.18.1","hypper",2023-08-29,0.4442
"CHE.hi.ambi.bare.wf.07.05.1","hypper",2023-08-30,0.4899
"CHE.lo.ambi.bare.wf.08.18.1","hypper",2023-07-25,20.89
"CHE.lo.ambi.bare.wf.08.15.2","hypper",2023-07-25,4.35
"CHE.lo.ambi.bare.wf.08.05.2","hypper",2023-07-25,9.92
"CHE.hi.ambi.vege.wf.08.18.1","hypper",2023-08-29,0.942
"CHE.hi.ambi.vege.wf.08.15.1","hypper",2023-08-29,0.3141
"CHE.hi.ambi.vege.wf.08.05.1","hypper",2023-08-29,0.037
"CHE.lo.ambi.vege.wf.08.05.1","hypper",2023-07-25,1.59
"CHE.lo.ambi.vege.wf.08.15.1","hypper",2023-07-25,0.1742
"CHE.lo.ambi.vege.wf.08.18.1","hypper",2023-07-25,0.2586
"CHE.hi.warm.bare.wf.08.05.1","hypper",2023-08-30,3.48
"CHE.hi.warm.bare.wf.08.18.1","hypper",2023-08-30,5.95
"CHE.hi.warm.bare.wf.08.15.1","hypper",2023-08-30,6.91
"CHE.hi.ambi.bare.wf.08.05.1","hypper",2023-08-30,0.95
"CHE.hi.ambi.bare.wf.08.18.1","hypper",2023-08-30,8.87
"CHE.hi.ambi.bare.wf.08.15.1","hypper",2023-08-30,14.26
"CHE.hi.warm.vege.wf.08.18.1","hypper",2023-08-29,0.2145
"CHE.hi.warm.vege.wf.08.15.1","hypper",2023-08-29,0.0681
"CHE.hi.warm.vege.wf.08.05.1","hypper",2023-08-29,0.1033
"CHE.hi.warm.bare.wf.09.18.1","hypper",2023-08-30,1.21
"CHE.hi.warm.bare.wf.09.05.1","hypper",2023-08-30,0.2391
"CHE.lo.ambi.bare.wf.09.18.3","hypper",2023-07-25,1.87
"CHE.lo.ambi.bare.wf.09.05.2","hypper",2023-07-25,4.65
"CHE.lo.ambi.bare.wf.09.15.2","hypper",2023-07-25,0.3637
"CHE.lo.ambi.vege.wf.09.18.1","hypper",2023-07-25,0.91
"CHE.lo.ambi.vege.wf.09.05.1","hypper",2023-07-25,0.0624
"CHE.lo.ambi.vege.wf.09.15.1","hypper",2023-07-25,0.0637
"CHE.hi.ambi.bare.wf.09.05.1","hypper",2023-08-30,0.4483
"CHE.hi.ambi.vege.wf.09.18.1","hypper",2023-08-29,0.1417
"CHE.hi.ambi.vege.wf.09.15.1","hypper",2023-08-29,0.0042
"CHE.hi.ambi.vege.wf.09.05.1","hypper",2023-08-29,0.0593
"CHE.hi.warm.vege.wf.09.18.1","hypper",2023-08-29,0.1796
"CHE.hi.warm.vege.wf.09.15.1","hypper",2023-08-29,0.1163
"CHE.hi.warm.vege.wf.09.05.1","hypper",2023-08-29,0.0508
"CHE.lo.ambi.bare.wf.10.18.2","hypper",2023-07-25,13.95
"CHE.lo.ambi.bare.wf.10.15.2","hypper",2023-07-25,21.89
"CHE.lo.ambi.bare.wf.10.05.1","hypper",2023-07-25,16.72
"CHE.hi.warm.vege.wf.10.05.1","hypper",2023-08-29,0.0636
"CHE.hi.warm.vege.wf.10.18.1","hypper",2023-08-29,0.0407
"CHE.hi.warm.vege.wf.10.15.1","hypper",2023-08-29,0.0865
"CHE.lo.ambi.vege.wf.10.18.1","hypper",2023-07-25,1.44
"CHE.lo.ambi.vege.wf.10.15.1","hypper",2023-07-25,1.71
"CHE.hi.ambi.vege.wf.10.05.1","hypper",2023-08-29,0.2766
"CHE.hi.ambi.vege.wf.10.18.1","hypper",2023-08-29,0.3431
"CHE.hi.ambi.vege.wf.10.15.1","hypper",2023-08-29,0.1923
"CHE.hi.warm.bare.wf.10.15.1","hypper",2023-08-30,0.0393
"CHE.hi.warm.bare.wf.10.05.1","hypper",2023-08-30,0.167
"CHE.hi.ambi.bare.wf.10.18.1","hypper",2023-08-30,8.11
"CHE.hi.ambi.bare.wf.10.15.1","hypper",2023-08-30,7.79
"CHE.hi.ambi.bare.wf.10.05.1","hypper",2023-08-30,5.06
"CHE.lo.ambi.vege.wf.01.21.1","medlup",2023-07-25,0.17
"CHE.hi.ambi.vege.wf.01.09.1","medlup",2023-08-14,0.0035
"CHE.hi.ambi.bare.wf.01.21.1","medlup",2023-08-15,0.8765
"CHE.hi.warm.bare.wf.01.09.1","medlup",2023-08-15,0.2903
"CHE.hi.warm.bare.wf.01.27.1","medlup",2023-08-15,0.2612
"CHE.lo.ambi.vege.wf.02.21.1","medlup",2023-07-25,0.0148
"CHE.lo.ambi.bare.wf.02.21.2","medlup",2023-07-25,1.52
"CHE.lo.ambi.bare.wf.02.09.2","medlup",2023-07-25,0.0039
"CHE.hi.warm.bare.wf.02.09.1","medlup",2023-08-14,0.3119
"CHE.hi.warm.vege.wf.02.27.1","medlup",2023-08-14,0.0309
"CHE.lo.ambi.bare.wf.03.09.1","medlup",2023-07-25,1.4
"CHE.hi.ambi.bare.wf.04.09.2","medlup",2023-08-15,0.423
"CHE.hi.ambi.bare.wf.05.21.1","medlup",2023-08-15,0.0545
"CHE.lo.ambi.bare.wf.05.09.2","medlup",2023-07-25,0.0035
"CHE.hi.warm.vege.wf.05.21.1","medlup",2023-08-14,0.014
"CHE.hi.warm.vege.wf.05.27.1","medlup",2023-08-14,0.0255
"CHE.hi.warm.bare.wf.06.09.1","medlup",2023-08-15,0.019
"CHE.lo.ambi.bare.wf.06.21.1","medlup",2023-07-25,0.9
"CHE.lo.ambi.bare.wf.07.21.1","medlup",2023-07-25,1.091
"CHE.hi.ambi.bare.wf.08.21.1","medlup",2023-08-15,0.0149
"CHE.lo.ambi.bare.wf.09.27.1","medlup",2023-07-25,0.3158
"CHE.lo.ambi.bare.wf.09.21.1","medlup",2023-07-25,0.3186
"CHE.hi.warm.vege.wf.09.27.1","medlup",2023-08-14,0.0022
"CHE.lo.ambi.bare.wf.10.27.2","medlup",2023-07-25,0.0718
"CHE.lo.ambi.bare.wf.10.21.1","medlup",2023-07-25,0.0721
"CHE.hi.warm.vege.wf.10.27.1","medlup",2023-08-14,0.0032
"CHE.hi.ambi.bare.wf.10.09.1","medlup",2023-08-15,0.2994
"CHE.hi.warm.vege.wf.01.17.1","plamed",2023-08-29,0.039
"CHE.hi.warm.vege.wf.01.10.1","plamed",2023-08-29,0.0741
"CHE.hi.warm.vege.wf.01.29.1","plamed",2023-08-29,0.0662
"CHE.hi.ambi.vege.wf.01.17.1","plamed",2023-08-29,0.0794
"CHE.hi.ambi.vege.wf.01.29.2","plamed",2023-08-29,0.8559
"CHE.hi.ambi.vege.wf.01.10.1","plamed",2023-08-29,0.2714
"CHE.lo.ambi.vege.wf.01.17.1","plamed",2023-08-15,0.2489
"CHE.lo.ambi.vege.wf.01.10.1","plamed",2023-08-15,0.6
"CHE.lo.ambi.vege.wf.01.29.1","plamed",2023-08-15,0.1087
"CHE.hi.ambi.bare.wf.01.17.1","plamed",2023-08-29,3.37
"CHE.hi.ambi.bare.wf.01.10.1","plamed",2023-08-29,2.33
"CHE.hi.ambi.bare.wf.01.29.1","plamed",2023-08-29,1.57
"CHE.hi.warm.bare.wf.01.17.1","plamed",2023-08-29,1.6417
"CHE.hi.warm.bare.wf.01.10.1","plamed",2023-08-29,2.41
"CHE.hi.warm.bare.wf.01.29.1","plamed",2023-08-29,1.2738
"CHE.hi.ambi.vege.wf.02.17.1","plamed",2023-08-29,0.2627
"CHE.hi.ambi.vege.wf.02.29.1","plamed",2023-08-29,0.1102
"CHE.hi.ambi.vege.wf.02.10.1","plamed",2023-08-29,0.1297
"CHE.lo.ambi.vege.wf.02.17.1","plamed",2023-08-15,0.6099
"CHE.lo.ambi.vege.wf.02.10.1","plamed",2023-08-15,0.3396
"CHE.lo.ambi.vege.wf.02.29.2","plamed",2023-08-15,0.4772
"CHE.lo.ambi.bare.wf.02.10.2","plamed",2023-08-16,1.3605
"CHE.hi.warm.bare.wf.02.10.2","plamed",2023-08-30,0.6633
"CHE.hi.warm.bare.wf.02.29.2","plamed",2023-08-30,1.8473
"CHE.hi.warm.bare.wf.02.17.1","plamed",2023-08-30,2.3
"CHE.hi.ambi.bare.wf.02.17.1","plamed",2023-08-30,1.0373
"CHE.hi.ambi.bare.wf.02.29.1","plamed",2023-08-30,1.5436
"CHE.hi.ambi.bare.wf.02.10.1","plamed",2023-08-30,1.2906
"CHE.hi.warm.vege.wf.02.29.1","plamed",2023-08-29,0.0598
"CHE.hi.warm.vege.wf.02.17.1","plamed",2023-08-29,0.0653
"CHE.hi.warm.vege.wf.02.10.1","plamed",2023-08-29,0.0585
"CHE.hi.ambi.vege.wf.03.10.1","plamed",2023-08-29,0.0578
"CHE.hi.ambi.vege.wf.03.17.1","plamed",2023-08-29,0.0196
"CHE.hi.ambi.vege.wf.03.29.1","plamed",2023-08-29,0.0959
"CHE.lo.ambi.vege.wf.03.17.1","plamed",2023-08-15,0.1868
"CHE.lo.ambi.vege.wf.03.29.1","plamed",2023-08-15,0.6337
"CHE.lo.ambi.vege.wf.03.10.1","plamed",2023-08-15,2.0001
"CHE.hi.warm.bare.wf.03.10.1","plamed",2023-08-30,0.4252
"CHE.hi.warm.bare.wf.03.29.1","plamed",2023-08-30,0.5546
"CHE.hi.warm.bare.wf.03.17.1","plamed",2023-08-30,0.108
"CHE.lo.ambi.bare.wf.03.29.1","plamed",2023-08-16,8.65
"CHE.lo.ambi.bare.wf.03.10.2","plamed",2023-08-16,3.51
"CHE.hi.ambi.bare.wf.03.29.1","plamed",2023-08-30,1.0664
"CHE.hi.ambi.bare.wf.03.10.1","plamed",2023-08-30,0.1652
"CHE.hi.warm.vege.wf.03.10.1","plamed",2023-08-29,0.0841
"CHE.hi.warm.vege.wf.03.17.1","plamed",2023-08-29,0.127
"CHE.hi.warm.vege.wf.03.29.1","plamed",2023-08-29,0.0862
"CHE.hi.ambi.bare.wf.04.17.1","plamed",2023-08-30,0.4091
"CHE.hi.ambi.bare.wf.04.29.1","plamed",2023-08-30,2.0703
"CHE.hi.ambi.bare.wf.04.10.2","plamed",2023-08-30,2.2573
"CHE.lo.ambi.vege.wf.04.17.1","plamed",2023-08-15,0.5062
"CHE.lo.ambi.vege.wf.04.10.1","plamed",2023-08-15,0.0077
"CHE.lo.ambi.vege.wf.04.29.1","plamed",2023-08-15,0.1474
"CHE.hi.warm.vege.wf.04.17.1","plamed",2023-08-29,0.0806
"CHE.hi.warm.vege.wf.04.29.1","plamed",2023-08-29,0.0232
"CHE.hi.warm.vege.wf.04.10.1","plamed",2023-08-29,0.0109
"CHE.lo.ambi.bare.wf.04.17.1","plamed",2023-08-16,4.03
"CHE.lo.ambi.bare.wf.04.29.2","plamed",2023-08-16,1.35
"CHE.hi.warm.bare.wf.04.17.1","plamed",2023-08-30,5.1037
"CHE.hi.warm.bare.wf.04.10.1","plamed",2023-08-30,2.0831
"CHE.hi.warm.bare.wf.04.29.1","plamed",2023-08-30,6.9429
"CHE.hi.ambi.vege.wf.04.17.1","plamed",2023-08-29,0.0041
"CHE.hi.ambi.vege.wf.04.10.1","plamed",2023-08-29,0.0313
"CHE.hi.ambi.vege.wf.04.29.1","plamed",2023-08-29,0.0135
"CHE.hi.ambi.bare.wf.05.17.1","plamed",2023-08-30,4.43
"CHE.hi.ambi.bare.wf.05.29.1","plamed",2023-08-30,3.98
"CHE.hi.ambi.bare.wf.05.10.1","plamed",2023-08-30,1.5131
"CHE.lo.ambi.vege.wf.05.17.1","plamed",2023-08-15,0.0985
"CHE.lo.ambi.vege.wf.05.10.1","plamed",2023-08-15,0.076
"CHE.lo.ambi.vege.wf.05.29.1","plamed",2023-08-15,0.1183
"CHE.hi.warm.vege.wf.05.10.1","plamed",2023-08-29,0.0246
"CHE.hi.warm.vege.wf.05.17.1","plamed",2023-08-29,0.4777
"CHE.hi.warm.vege.wf.05.29.1","plamed",2023-08-29,0.961
"CHE.lo.ambi.bare.wf.05.17.2","plamed",2023-08-16,0.193
"CHE.hi.warm.bare.wf.05.10.1","plamed",2023-08-30,0.1344
"CHE.hi.warm.bare.wf.05.17.1","plamed",2023-08-30,0.1943
"CHE.hi.warm.bare.wf.05.29.2","plamed",2023-08-30,0.5641
"CHE.hi.ambi.vege.wf.05.10.1","plamed",2023-08-29,0.0259
"CHE.hi.ambi.vege.wf.05.17.1","plamed",2023-08-29,0.0874
"CHE.hi.ambi.vege.wf.05.29.1","plamed",2023-08-29,0.0911
"CHE.hi.warm.bare.wf.06.10.1","plamed",2023-08-30,0.1845
"CHE.hi.warm.bare.wf.06.17.1","plamed",2023-08-30,0.5143
"CHE.hi.warm.bare.wf.06.29.1","plamed",2023-08-30,0.6117
"CHE.lo.ambi.vege.wf.06.17.1","plamed",2023-08-15,2.69
"CHE.lo.ambi.vege.wf.06.10.1","plamed",2023-08-15,0.8389
"CHE.lo.ambi.vege.wf.06.29.1","plamed",2023-08-15,2.0419
"CHE.lo.ambi.bare.wf.06.10.2","plamed",2023-08-16,5.16
"CHE.hi.ambi.vege.wf.06.29.1","plamed",2023-08-29,0.2372
"CHE.hi.ambi.vege.wf.06.10.1","plamed",2023-08-29,1.0531
"CHE.hi.ambi.vege.wf.06.17.1","plamed",2023-08-29,0.296
"CHE.hi.ambi.bare.wf.06.10.1","plamed",2023-08-30,0.525
"CHE.hi.ambi.bare.wf.06.17.1","plamed",2023-08-30,0.024
"CHE.hi.ambi.bare.wf.06.29.1","plamed",2023-08-30,0.7724
"CHE.hi.warm.vege.wf.06.29.1","plamed",2023-08-29,0.01
"CHE.hi.warm.vege.wf.06.10.1","plamed",2023-08-29,0.0485
"CHE.hi.warm.vege.wf.06.17.1","plamed",2023-08-29,0.094
"CHE.hi.warm.bare.wf.07.29.1","plamed",2023-08-30,0.5074
"CHE.hi.warm.bare.wf.07.17.1","plamed",2023-08-30,0.3782
"CHE.lo.ambi.bare.wf.07.10.2","plamed",2023-08-16,1.46
"CHE.hi.ambi.vege.wf.07.10.1","plamed",2023-08-29,0.017
"CHE.hi.ambi.vege.wf.07.29.1","plamed",2023-08-29,0.2135
"CHE.hi.ambi.vege.wf.07.17.1","plamed",2023-08-29,0.0521
"CHE.lo.ambi.vege.wf.07.17.1","plamed",2023-08-15,0.0143
"CHE.lo.ambi.vege.wf.07.29.1","plamed",2023-08-15,0.0637
"CHE.lo.ambi.vege.wf.07.10.1","plamed",2023-08-15,0.0953
"CHE.hi.warm.vege.wf.07.10.1","plamed",2023-08-29,0.0139
"CHE.hi.warm.vege.wf.07.29.1","plamed",2023-08-29,0.1005
"CHE.hi.warm.vege.wf.07.17.1","plamed",2023-08-29,0.1285
"CHE.hi.ambi.bare.wf.07.29.1","plamed",2023-08-30,0.8522
"CHE.hi.ambi.bare.wf.07.10.1","plamed",2023-08-30,1.6832
"CHE.hi.ambi.bare.wf.07.17.1","plamed",2023-08-30,0.2024
"CHE.lo.ambi.bare.wf.08.29.2","plamed",2023-08-16,1.2078
"CHE.hi.ambi.vege.wf.08.29.1","plamed",2023-08-29,0.4629
"CHE.hi.ambi.vege.wf.08.10.1","plamed",2023-08-29,0.3396
"CHE.hi.ambi.vege.wf.08.17.1","plamed",2023-08-29,0.66
"CHE.lo.ambi.vege.wf.08.17.1","plamed",2023-08-16,0.0179
"CHE.lo.ambi.vege.wf.08.29.1","plamed",2023-08-16,0.0336
"CHE.lo.ambi.vege.wf.08.10.1","plamed",2023-08-16,0.2797
"CHE.hi.warm.bare.wf.08.29.1","plamed",2023-08-30,0.9228
"CHE.hi.warm.bare.wf.08.10.1","plamed",2023-08-30,1.3889
"CHE.hi.warm.bare.wf.08.17.1","plamed",2023-08-30,2.5725
"CHE.hi.ambi.bare.wf.08.29.1","plamed",2023-08-30,4.48
"CHE.hi.ambi.bare.wf.08.10.1","plamed",2023-08-30,2.91
"CHE.hi.ambi.bare.wf.08.17.1","plamed",2023-08-30,4.45
"CHE.hi.warm.vege.wf.08.29.1","plamed",2023-08-29,0.4177
"CHE.hi.warm.vege.wf.08.10.1","plamed",2023-08-29,0.0247
"CHE.hi.warm.vege.wf.08.17.1","plamed",2023-08-29,0.2446
"CHE.hi.warm.bare.wf.09.10.1","plamed",2023-08-30,0.345
"CHE.hi.warm.bare.wf.09.29.1","plamed",2023-08-30,0.5917
"CHE.hi.warm.bare.wf.09.17.1","plamed",2023-08-30,2.8263
"CHE.lo.ambi.bare.wf.09.10.2","plamed",2023-08-16,0.1196
"CHE.lo.ambi.vege.wf.09.29.1","plamed",2023-08-16,0.116
"CHE.lo.ambi.vege.wf.09.10.1","plamed",2023-08-16,0.1642
"CHE.lo.ambi.vege.wf.09.17.1","plamed",2023-08-16,0.2863
"CHE.hi.ambi.bare.wf.09.29.1","plamed",2023-08-30,0.4074
"CHE.hi.ambi.bare.wf.09.10.1","plamed",2023-08-30,0.74
"CHE.hi.ambi.bare.wf.09.17.1","plamed",2023-08-30,1.84
"CHE.hi.ambi.vege.wf.09.29.1","plamed",2023-08-29,0.126
"CHE.hi.ambi.vege.wf.09.10.1","plamed",2023-08-29,0.0679
"CHE.hi.ambi.vege.wf.09.17.1","plamed",2023-08-29,0.1682
"CHE.hi.warm.vege.wf.09.10.1","plamed",2023-08-29,0.1039
"CHE.hi.warm.vege.wf.09.29.1","plamed",2023-08-29,0.2265
"CHE.hi.warm.vege.wf.09.17.1","plamed",2023-08-29,0.1678
"CHE.lo.ambi.bare.wf.10.10.2","plamed",2023-08-16,2.1985
"CHE.lo.ambi.bare.wf.10.29.2","plamed",NA,NA
"CHE.hi.warm.vege.wf.10.29.1","plamed",2023-08-29,0.0414
"CHE.hi.warm.vege.wf.10.10.1","plamed",2023-08-29,0.0257
"CHE.hi.warm.vege.wf.10.17.1","plamed",2023-08-29,0.179
"CHE.lo.ambi.vege.wf.10.29.1","plamed",2023-08-16,0.0334
"CHE.lo.ambi.vege.wf.10.10.1","plamed",2023-08-16,0.1109
"CHE.lo.ambi.vege.wf.10.17.1","plamed",2023-08-16,0.3547
"CHE.hi.ambi.vege.wf.10.29.1","plamed",2023-08-29,0.346
"CHE.hi.ambi.vege.wf.10.10.1","plamed",2023-08-29,0.3377
"CHE.hi.ambi.vege.wf.10.17.1","plamed",2023-08-29,0.3361
"CHE.hi.warm.bare.wf.10.29.1","plamed",2023-08-30,1.48
"CHE.hi.warm.bare.wf.10.10.1","plamed",2023-08-30,0.1485
"CHE.hi.warm.bare.wf.10.17.1","plamed",2023-08-30,0.379
"CHE.hi.ambi.bare.wf.10.10.1","plamed",2023-08-30,1.26
"CHE.hi.ambi.bare.wf.10.29.2","plamed",2023-08-30,3.25
"CHE.hi.ambi.bare.wf.10.17.1","plamed",2023-08-30,3.88
"CHE.hi.warm.vege.wf.01.19.1","salpra",2023-08-21,0.2667
"CHE.hi.warm.vege.wf.01.26.1","salpra",2023-08-21,0.0454
"CHE.hi.warm.vege.wf.01.28.1","salpra",2023-08-21,0.0365
"CHE.lo.ambi.bare.wf.01.28.1","salpra",2023-08-01,1.65
"CHE.lo.ambi.bare.wf.01.26.1","salpra",2023-08-01,6.77
"CHE.lo.ambi.bare.wf.01.19.2","salpra",2023-08-01,3.2
"CHE.hi.ambi.vege.wf.01.19.1","salpra",2023-08-21,0.049
"CHE.hi.ambi.vege.wf.01.26.1","salpra",2023-08-21,0.65
"CHE.hi.ambi.vege.wf.01.28.1","salpra",2023-08-21,0.0663
"CHE.lo.ambi.vege.wf.01.26.1","salpra",2023-08-02,0.0076
"CHE.lo.ambi.vege.wf.01.28.1","salpra",2023-08-02,0.3202
"CHE.lo.ambi.vege.wf.01.19.1","salpra",2023-08-02,0.1397
"CHE.hi.ambi.bare.wf.01.26.1","salpra",2023-08-21,2.65
"CHE.hi.ambi.bare.wf.01.19.1","salpra",2023-08-21,2.13
"CHE.hi.ambi.bare.wf.01.28.1","salpra",2023-08-21,0.5625
"CHE.hi.warm.bare.wf.01.28.1","salpra",2023-08-21,1.2
"CHE.hi.warm.bare.wf.01.19.1","salpra",2023-08-21,2.29
"CHE.hi.warm.bare.wf.01.26.1","salpra",2023-08-21,0.69
"CHE.hi.ambi.vege.wf.02.26.1","salpra",2023-08-21,0.0101
"CHE.hi.ambi.vege.wf.02.28.1","salpra",2023-08-21,0.0032
"CHE.hi.ambi.vege.wf.02.19.1","salpra",2023-08-21,0.0568
"CHE.lo.ambi.vege.wf.02.19.1","salpra",2023-08-02,0.0153
"CHE.lo.ambi.vege.wf.02.28.1","salpra",2023-08-02,0.541
"CHE.lo.ambi.vege.wf.02.26.1","salpra",2023-08-09,0.8633
"CHE.lo.ambi.bare.wf.02.28.1","salpra",2023-08-01,7.8
"CHE.lo.ambi.bare.wf.02.19.1","salpra",2023-08-01,3.11
"CHE.lo.ambi.bare.wf.02.26.2","salpra",2023-08-01,9.17
"CHE.hi.warm.bare.wf.02.19.1","salpra",2023-08-22,0.9735
"CHE.hi.warm.bare.wf.02.28.1","salpra",2023-08-22,0.3452
"CHE.hi.warm.bare.wf.02.26.1","salpra",2023-08-22,0.7387
"CHE.hi.ambi.bare.wf.02.19.1","salpra",2023-08-21,1.4032
"CHE.hi.ambi.bare.wf.02.28.1","salpra",2023-08-21,3.6
"CHE.hi.ambi.bare.wf.02.26.2","salpra",2023-08-21,1.77
"CHE.hi.warm.vege.wf.02.28.1","salpra",2023-08-21,0.0473
"CHE.hi.warm.vege.wf.02.19.1","salpra",2023-08-21,0.1472
"CHE.hi.warm.vege.wf.02.26.1","salpra",2023-08-21,0.1107
"CHE.hi.ambi.vege.wf.03.26.1","salpra",2023-08-21,0.0318
"CHE.hi.ambi.vege.wf.03.19.1","salpra",2023-08-21,0.0318
"CHE.lo.ambi.vege.wf.03.19.1","salpra",2023-08-02,0.1486
"CHE.lo.ambi.vege.wf.03.26.1","salpra",2023-08-02,0.2204
"CHE.lo.ambi.vege.wf.03.28.1","salpra",2023-08-02,0.2411
"CHE.hi.warm.bare.wf.03.26.1","salpra",2023-08-22,1.0459
"CHE.hi.warm.bare.wf.03.28.1","salpra",2023-08-22,0.4019
"CHE.hi.warm.bare.wf.03.19.1","salpra",2023-08-22,1.63
"CHE.lo.ambi.bare.wf.03.28.1","salpra",2023-08-01,6.84
"CHE.lo.ambi.bare.wf.03.26.1","salpra",2023-08-01,17.19
"CHE.lo.ambi.bare.wf.03.19.1","salpra",2023-08-01,7.54
"CHE.hi.ambi.bare.wf.03.26.1","salpra",2023-08-22,0.7205
"CHE.hi.ambi.bare.wf.03.19.1","salpra",2023-08-22,0.1097
"CHE.hi.warm.vege.wf.03.19.1","salpra",2023-08-21,0.0446
"CHE.hi.warm.vege.wf.03.26.1","salpra",2023-08-21,0.0277
"CHE.hi.warm.vege.wf.03.28.1","salpra",2023-08-21,0.1066
"CHE.hi.ambi.bare.wf.04.28.2","salpra",2023-08-22,0.4784
"CHE.hi.ambi.bare.wf.04.26.1","salpra",2023-08-22,0.2214
"CHE.hi.ambi.bare.wf.04.19.1","salpra",2023-08-22,2.32
"CHE.lo.ambi.vege.wf.04.26.1","salpra",2023-08-02,0.531
"CHE.lo.ambi.vege.wf.04.28.1","salpra",2023-08-02,0.0096
"CHE.hi.warm.vege.wf.04.28.1","salpra",2023-08-21,0.1864
"CHE.hi.warm.vege.wf.04.19.1","salpra",2023-08-21,0.0952
"CHE.hi.warm.vege.wf.04.26.1","salpra",2023-08-21,0.0133
"CHE.lo.ambi.bare.wf.04.19.1","salpra",2023-08-01,2.19
"CHE.lo.ambi.bare.wf.04.26.1","salpra",2023-08-01,8.14
"CHE.lo.ambi.bare.wf.04.28.2","salpra",2023-08-01,10.2
"CHE.hi.warm.bare.wf.04.28.1","salpra",2023-08-22,0.7551
"CHE.hi.warm.bare.wf.04.19.1","salpra",2023-08-22,0.5499
"CHE.hi.warm.bare.wf.04.26.1","salpra",2023-08-22,3.69
"CHE.hi.ambi.vege.wf.04.28.1","salpra",2023-08-21,0.0655
"CHE.hi.ambi.vege.wf.04.26.1","salpra",2023-08-21,0.0252
"CHE.hi.ambi.vege.wf.04.19.1","salpra",2023-08-21,0.0202
"CHE.hi.ambi.bare.wf.05.28.1","salpra",2023-08-22,1.72
"CHE.hi.ambi.bare.wf.05.19.1","salpra",2023-08-22,1.67
"CHE.hi.ambi.bare.wf.05.26.1","salpra",2023-08-22,1.77
"CHE.lo.ambi.vege.wf.05.26.1","salpra",2023-08-02,0.0398
"CHE.lo.ambi.vege.wf.05.28.1","salpra",2023-08-02,0.0437
"CHE.hi.warm.vege.wf.05.26.1","salpra",2023-08-21,0.0553
"CHE.hi.warm.vege.wf.05.28.1","salpra",2023-08-21,0.1715
"CHE.hi.warm.vege.wf.05.19.1","salpra",2023-08-21,0.1605
"CHE.lo.ambi.bare.wf.05.28.2","salpra",2023-08-01,10.38
"CHE.lo.ambi.bare.wf.05.19.2","salpra",2023-08-01,7.92
"CHE.lo.ambi.bare.wf.05.26.2","salpra",2023-08-01,20.19
"CHE.hi.warm.bare.wf.05.26.1","salpra",2023-08-22,0.0755
"CHE.hi.warm.bare.wf.05.19.1","salpra",2023-08-22,0.77
"CHE.hi.warm.bare.wf.05.28.1","salpra",2023-08-22,0.31
"CHE.hi.ambi.vege.wf.05.26.1","salpra",2023-08-21,0.0483
"CHE.hi.ambi.vege.wf.05.28.1","salpra",2023-08-21,0.0339
"CHE.hi.ambi.vege.wf.05.19.1","salpra",2023-08-21,0.0129
"CHE.hi.warm.bare.wf.06.28.1","salpra",2023-08-21,0.88
"CHE.hi.warm.bare.wf.06.26.1","salpra",2023-08-21,0.59
"CHE.hi.warm.bare.wf.06.19.1","salpra",2023-08-21,1.51
"CHE.lo.ambi.vege.wf.06.19.1","salpra",2023-08-02,0.0227
"CHE.lo.ambi.vege.wf.06.28.1","salpra",2023-08-09,0.5191
"CHE.lo.ambi.vege.wf.06.26.1","salpra",2023-08-02,1.07
"CHE.lo.ambi.bare.wf.06.28.1","salpra",2023-08-01,3.11
"CHE.lo.ambi.bare.wf.06.26.2","salpra",2023-08-02,8.06
"CHE.lo.ambi.bare.wf.06.19.2","salpra",2023-08-09,1.57
"CHE.hi.ambi.vege.wf.06.26.1","salpra",2023-08-21,0.0595
"CHE.hi.ambi.vege.wf.06.19.1","salpra",2023-08-21,0.0625
"CHE.hi.ambi.vege.wf.06.28.1","salpra",2023-08-21,0.0615
"CHE.hi.ambi.bare.wf.06.19.1","salpra",2023-08-21,0.0498
"CHE.hi.ambi.bare.wf.06.28.1","salpra",2023-08-21,0.2066
"CHE.hi.ambi.bare.wf.06.26.1","salpra",2023-08-21,0.2781
"CHE.hi.warm.vege.wf.06.28.1","salpra",2023-08-21,0.0963
"CHE.hi.warm.vege.wf.06.19.1","salpra",2023-08-21,0.0231
"CHE.hi.warm.vege.wf.06.26.1","salpra",2023-08-21,0.0425
"CHE.hi.warm.bare.wf.07.28.1","salpra",2023-08-22,0.2726
"CHE.hi.warm.bare.wf.07.26.1","salpra",2023-08-22,0.2773
"CHE.hi.warm.bare.wf.07.19.1","salpra",2023-08-22,0.4049
"CHE.lo.ambi.bare.wf.07.19.2","salpra",2023-08-01,1.59
"CHE.lo.ambi.bare.wf.07.28.2","salpra",2023-08-01,4.3
"CHE.lo.ambi.bare.wf.07.26.2","salpra",2023-08-01,4.35
"CHE.hi.ambi.vege.wf.07.19.1","salpra",2023-08-21,0.0349
"CHE.hi.ambi.vege.wf.07.28.1","salpra",2023-08-21,0.0223
"CHE.hi.ambi.vege.wf.07.26.1","salpra",2023-08-21,0.0094
"CHE.lo.ambi.vege.wf.07.28.1","salpra",2023-08-02,0.0238
"CHE.lo.ambi.vege.wf.07.26.1","salpra",2023-08-02,0.0128
"CHE.lo.ambi.vege.wf.07.19.1","salpra",2023-08-02,0.0435
"CHE.hi.warm.vege.wf.07.19.1","salpra",2023-08-21,0.069
"CHE.hi.warm.vege.wf.07.26.1","salpra",2023-08-21,0.1731
"CHE.hi.warm.vege.wf.07.28.1","salpra",2023-08-21,0.0242
"CHE.hi.ambi.bare.wf.07.19.1","salpra",2023-08-22,0.2161
"CHE.hi.ambi.bare.wf.07.28.1","salpra",2023-08-22,0.3254
"CHE.hi.ambi.bare.wf.07.26.1","salpra",2023-08-22,0.3786
"CHE.lo.ambi.bare.wf.08.19.1","salpra",2023-08-02,4.01
"CHE.lo.ambi.bare.wf.08.26.1","salpra",2023-08-02,3.95
"CHE.lo.ambi.bare.wf.08.28.1","salpra",2023-08-09,5.02
"CHE.hi.ambi.vege.wf.08.19.1","salpra",2023-08-21,0.0504
"CHE.hi.ambi.vege.wf.08.26.1","salpra",2023-08-21,0.0926
"CHE.hi.ambi.vege.wf.08.28.1","salpra",2023-08-21,0.0583
"CHE.lo.ambi.vege.wf.08.19.1","salpra",2023-08-02,0.0054
"CHE.lo.ambi.vege.wf.08.26.1","salpra",2023-08-02,0.0155
"CHE.lo.ambi.vege.wf.08.28.1","salpra",2023-08-02,0.0064
"CHE.hi.warm.bare.wf.08.28.1","salpra",2023-08-22,0.3411
"CHE.hi.warm.bare.wf.08.19.1","salpra",2023-08-22,0.9
"CHE.hi.warm.bare.wf.08.26.1","salpra",2023-08-22,1.06
"CHE.hi.ambi.bare.wf.08.28.1","salpra",2023-08-22,0.38
"CHE.hi.ambi.bare.wf.08.26.1","salpra",2023-08-22,1.13
"CHE.hi.ambi.bare.wf.08.19.1","salpra",2023-08-22,1.1
"CHE.hi.warm.vege.wf.08.19.1","salpra",2023-08-21,0.0415
"CHE.hi.warm.vege.wf.08.26.1","salpra",2023-08-21,0.1148
"CHE.hi.warm.vege.wf.08.28.1","salpra",2023-08-21,0.1709
"CHE.hi.warm.bare.wf.09.19.1","salpra",2023-08-22,0.95
"CHE.hi.warm.bare.wf.09.28.1","salpra",2023-08-22,0.8607
"CHE.hi.warm.bare.wf.09.26.1","salpra",2023-08-22,0.491
"CHE.lo.ambi.bare.wf.09.19.2","salpra",2023-08-02,8.07
"CHE.lo.ambi.bare.wf.09.26.1","salpra",2023-08-02,8.19
"CHE.lo.ambi.bare.wf.09.28.2","salpra",2023-08-02,19.45
"CHE.lo.ambi.vege.wf.09.26.1","salpra",2023-08-02,0.0298
"CHE.lo.ambi.vege.wf.09.19.1","salpra",2023-08-02,0.0347
"CHE.lo.ambi.vege.wf.09.28.1","salpra",2023-08-09,0.0884
"CHE.hi.ambi.bare.wf.09.26.1","salpra",2023-08-22,0.4113
"CHE.hi.ambi.bare.wf.09.28.1","salpra",2023-08-22,0.2089
"CHE.hi.ambi.bare.wf.09.19.1","salpra",2023-08-22,0.0623
"CHE.hi.ambi.vege.wf.09.19.1","salpra",2023-08-21,0.0088
"CHE.hi.ambi.vege.wf.09.26.1","salpra",2023-08-21,0.0395
"CHE.hi.ambi.vege.wf.09.28.1","salpra",2023-08-21,0.0482
"CHE.hi.warm.vege.wf.09.19.1","salpra",2023-08-21,0.0626
"CHE.hi.warm.vege.wf.09.26.1","salpra",2023-08-21,0.0477
"CHE.hi.warm.vege.wf.09.28.1","salpra",2023-08-21,0.0876
"CHE.lo.ambi.bare.wf.10.26.1","salpra",2023-08-02,10.31
"CHE.lo.ambi.bare.wf.10.19.1","salpra",2023-08-02,2.08
"CHE.lo.ambi.bare.wf.10.28.2","salpra",2023-08-02,10.38
"CHE.hi.warm.vege.wf.10.28.1","salpra",2023-08-21,0.1468
"CHE.hi.warm.vege.wf.10.26.1","salpra",2023-08-21,0.0948
"CHE.hi.warm.vege.wf.10.19.1","salpra",2023-08-21,0.0417
"CHE.lo.ambi.vege.wf.10.19.1","salpra",2023-08-02,0.0046
"CHE.lo.ambi.vege.wf.10.26.1","salpra",2023-08-02,0.0224
"CHE.hi.ambi.vege.wf.10.19.2","salpra",2023-08-21,0.01
"CHE.hi.ambi.vege.wf.10.26.1","salpra",2023-08-21,0.0344
"CHE.hi.ambi.vege.wf.10.28.1","salpra",2023-08-21,0.0139
"CHE.hi.warm.bare.wf.10.28.1","salpra",2023-08-22,0.2527
"CHE.hi.warm.bare.wf.10.26.1","salpra",2023-08-22,0.1696
"CHE.hi.warm.bare.wf.10.19.1","salpra",2023-08-22,0.3743
"CHE.hi.ambi.bare.wf.10.26.1","salpra",2023-08-22,0.5288
"CHE.hi.ambi.bare.wf.10.19.1","salpra",2023-08-22,1.0327
"CHE.hi.ambi.bare.wf.10.28.1","salpra",2023-08-22,1.38
"CHE.hi.warm.vege.wf.01.23.1","scacol",2023-08-21,0.1854
"CHE.hi.warm.vege.wf.01.24.1","scacol",2023-08-21,0.1752
"CHE.lo.ambi.bare.wf.01.23.2","scacol",2023-08-16,28.55
"CHE.lo.ambi.bare.wf.01.24.2","scacol",2023-08-16,14.26
"CHE.hi.ambi.vege.wf.01.23.1","scacol",2023-08-21,1.03
"CHE.hi.ambi.vege.wf.01.24.1","scacol",2023-08-21,0.6262
"CHE.hi.ambi.vege.wf.01.06.1","scacol",2023-08-21,0.5685
"CHE.lo.ambi.vege.wf.01.23.1","scacol",2023-08-15,3.49
"CHE.lo.ambi.vege.wf.01.06.1","scacol",2023-08-15,1.3222
"CHE.lo.ambi.vege.wf.01.24.1","scacol",2023-08-15,0.924
"CHE.hi.ambi.bare.wf.01.06.1","scacol",2023-08-21,3.33
"CHE.hi.ambi.bare.wf.01.23.1","scacol",2023-08-21,1.99
"CHE.hi.warm.bare.wf.01.23.1","scacol",2023-08-21,3.59
"CHE.hi.warm.bare.wf.01.06.1","scacol",2023-08-21,4.53
"CHE.hi.warm.bare.wf.01.24.1","scacol",2023-08-21,10.17
"CHE.hi.ambi.vege.wf.02.24.1","scacol",2023-08-21,0.5218
"CHE.hi.ambi.vege.wf.02.06.1","scacol",2023-08-21,0.1768
"CHE.hi.ambi.vege.wf.02.23.1","scacol",2023-08-21,0.3629
"CHE.lo.ambi.vege.wf.02.24.1","scacol",2023-08-15,0.1736
"CHE.lo.ambi.bare.wf.02.23.2","scacol",2023-08-16,40.4
"CHE.lo.ambi.bare.wf.02.06.2","scacol",2023-08-16,38.24
"CHE.lo.ambi.bare.wf.02.24.2","scacol",2023-08-16,35.51
"CHE.hi.warm.bare.wf.02.24.1","scacol",2023-08-22,0.8039
"CHE.hi.warm.bare.wf.02.06.1","scacol",2023-08-22,2.98
"CHE.hi.ambi.bare.wf.02.24.1","scacol",2023-08-21,0.678
"CHE.hi.ambi.bare.wf.02.06.1","scacol",2023-08-21,2.58
"CHE.hi.warm.vege.wf.02.24.1","scacol",2023-08-21,0.1454
"CHE.hi.warm.vege.wf.02.06.1","scacol",2023-08-21,0.0444
"CHE.hi.warm.vege.wf.02.23.1","scacol",2023-08-21,1.41
"CHE.hi.ambi.vege.wf.03.06.1","scacol",2023-08-21,0.0202
"CHE.hi.ambi.vege.wf.03.24.1","scacol",2023-08-21,0.099
"CHE.hi.ambi.vege.wf.03.23.1","scacol",2023-08-21,0.0929
"CHE.lo.ambi.vege.wf.03.24.1","scacol",2023-08-15,0.396
"CHE.lo.ambi.vege.wf.03.06.1","scacol",2023-08-15,0.5829
"CHE.hi.warm.bare.wf.03.06.1","scacol",2023-08-22,0.2325
"CHE.hi.warm.bare.wf.03.23.1","scacol",2023-08-22,0.245
"CHE.hi.warm.bare.wf.03.24.1","scacol",2023-08-22,0.1568
"CHE.lo.ambi.bare.wf.03.23.3","scacol",2023-08-16,48.59
"CHE.lo.ambi.bare.wf.03.24.2","scacol",2023-08-16,35.67
"CHE.lo.ambi.bare.wf.03.06.2","scacol",2023-08-16,49.49
"CHE.hi.ambi.bare.wf.03.24.1","scacol",2023-08-22,1.062
"CHE.hi.ambi.bare.wf.03.06.1","scacol",2023-08-22,3.38
"CHE.hi.warm.vege.wf.03.24.1","scacol",2023-08-21,0.1947
"CHE.hi.warm.vege.wf.03.23.1","scacol",2023-08-21,0.0087
"CHE.hi.warm.vege.wf.03.06.1","scacol",2023-08-21,0.1783
"CHE.hi.ambi.bare.wf.04.24.2","scacol",2023-08-22,3.87
"CHE.hi.ambi.bare.wf.04.06.1","scacol",2023-08-22,3.51
"CHE.lo.ambi.vege.wf.04.24.1","scacol",2023-08-15,0.133
"CHE.hi.warm.vege.wf.04.23.1","scacol",2023-08-21,0.1537
"CHE.hi.warm.vege.wf.04.06.1","scacol",2023-08-21,0.1596
"CHE.hi.warm.vege.wf.04.24.1","scacol",2023-08-21,1.06
"CHE.lo.ambi.bare.wf.04.23.2","scacol",2023-08-16,24.96
"CHE.lo.ambi.bare.wf.04.24.1","scacol",2023-08-16,23.18
"CHE.lo.ambi.bare.wf.04.06.2","scacol",2023-08-16,2.35
"CHE.hi.warm.bare.wf.04.23.1","scacol",2023-08-22,0.2881
"CHE.hi.warm.bare.wf.04.06.1","scacol",2023-08-22,1.35
"CHE.hi.warm.bare.wf.04.24.1","scacol",2023-08-22,7.12
"CHE.hi.ambi.vege.wf.04.24.1","scacol",2023-08-21,0.2006
"CHE.hi.ambi.vege.wf.04.23.1","scacol",2023-08-21,0.1113
"CHE.hi.ambi.vege.wf.04.06.1","scacol",2023-08-21,0.0712
"CHE.hi.ambi.bare.wf.05.23.1","scacol",2023-08-22,0.4182
"CHE.hi.ambi.bare.wf.05.24.1","scacol",2023-08-22,4.47
"CHE.hi.ambi.bare.wf.05.06.1","scacol",2023-08-22,3.83
"CHE.lo.ambi.vege.wf.05.06.1","scacol",2023-08-15,0.2616
"CHE.lo.ambi.vege.wf.05.23.1","scacol",2023-08-15,0.0687
"CHE.hi.warm.vege.wf.05.23.1","scacol",2023-08-21,0.632
"CHE.hi.warm.vege.wf.05.06.2","scacol",2023-08-21,0.2451
"CHE.lo.ambi.bare.wf.05.06.3","scacol",2023-08-16,6.66
"CHE.lo.ambi.bare.wf.05.23.2","scacol",2023-08-16,20.42
"CHE.lo.ambi.bare.wf.05.24.3","scacol",2023-08-16,15.02
"CHE.hi.warm.bare.wf.05.06.1","scacol",2023-08-22,12.91
"CHE.hi.warm.bare.wf.05.23.1","scacol",2023-08-22,2.12
"CHE.hi.warm.bare.wf.05.24.1","scacol",2023-08-22,1.69
"CHE.hi.ambi.vege.wf.05.23.1","scacol",2023-08-21,0.3084
"CHE.hi.ambi.vege.wf.05.06.1","scacol",2023-08-21,1.22
"CHE.hi.ambi.vege.wf.05.24.1","scacol",2023-08-21,0.89
"CHE.hi.warm.bare.wf.06.24.1","scacol",2023-08-21,3.43
"CHE.hi.warm.bare.wf.06.23.1","scacol",2023-08-21,0.46
"CHE.hi.warm.bare.wf.06.06.1","scacol",2023-08-21,3.18
"CHE.lo.ambi.vege.wf.06.24.2","scacol",2023-08-15,2.22
"CHE.lo.ambi.vege.wf.06.23.1","scacol",2023-08-15,0.0058
"CHE.lo.ambi.vege.wf.06.06.1","scacol",2023-08-15,0.1333
"CHE.lo.ambi.bare.wf.06.24.3","scacol",2023-08-16,26.11
"CHE.lo.ambi.bare.wf.06.23.3","scacol",2023-08-16,26.36
"CHE.lo.ambi.bare.wf.06.06.3","scacol",2023-08-16,8.93
"CHE.hi.ambi.vege.wf.06.06.1","scacol",2023-08-21,0.8976
"CHE.hi.ambi.vege.wf.06.23.1","scacol",2023-08-21,0.3264
"CHE.hi.ambi.vege.wf.06.24.1","scacol",2023-08-21,1.29
"CHE.hi.ambi.bare.wf.06.06.1","scacol",2023-08-21,0.4755
"CHE.hi.ambi.bare.wf.06.23.1","scacol",2023-08-21,1.59
"CHE.hi.warm.vege.wf.06.24.1","scacol",2023-08-21,0.1816
"CHE.hi.warm.vege.wf.06.06.1","scacol",2023-08-21,0.2115
"CHE.hi.warm.bare.wf.07.23.1","scacol",2023-08-22,1.5193
"CHE.hi.warm.bare.wf.07.24.1","scacol",2023-08-22,10
"CHE.lo.ambi.bare.wf.07.23.4","scacol",2023-08-16,37.31
"CHE.lo.ambi.bare.wf.07.24.3","scacol",2023-08-16,7.26
"CHE.hi.ambi.vege.wf.07.24.1","scacol",2023-08-21,0.1272
"CHE.hi.ambi.vege.wf.07.23.1","scacol",2023-08-21,0.1905
"CHE.hi.ambi.vege.wf.07.06.1","scacol",2023-08-21,0.147
"CHE.lo.ambi.vege.wf.07.23.1","scacol",2023-08-15,0.0548
"CHE.lo.ambi.vege.wf.07.06.1","scacol",2023-08-15,0.2086
"CHE.lo.ambi.vege.wf.07.24.1","scacol",2023-08-15,0.6294
"CHE.hi.warm.vege.wf.07.06.1","scacol",2023-08-21,0.65
"CHE.hi.warm.vege.wf.07.24.1","scacol",2023-08-21,0.76
"CHE.hi.warm.vege.wf.07.23.1","scacol",2023-08-21,0.0381
"CHE.hi.ambi.bare.wf.07.06.1","scacol",2023-08-22,0.8405
"CHE.hi.ambi.bare.wf.07.23.1","scacol",2023-08-22,0.1344
"CHE.lo.ambi.bare.wf.08.06.1","scacol",2023-08-16,23.72
"CHE.lo.ambi.bare.wf.08.23.3","scacol",2023-08-16,5.7
"CHE.hi.ambi.vege.wf.08.06.1","scacol",2023-08-21,0.496
"CHE.hi.ambi.vege.wf.08.23.1","scacol",2023-08-21,0.5997
"CHE.hi.ambi.vege.wf.08.24.1","scacol",2023-08-21,0.4269
"CHE.lo.ambi.vege.wf.08.06.1","scacol",2023-08-16,0.0767
"CHE.hi.warm.bare.wf.08.24.1","scacol",2023-08-22,10.77
"CHE.hi.warm.bare.wf.08.23.1","scacol",2023-08-22,12.5
"CHE.hi.warm.bare.wf.08.06.1","scacol",2023-08-22,7.79
"CHE.hi.ambi.bare.wf.08.23.1","scacol",2023-08-22,8.51
"CHE.hi.ambi.bare.wf.08.06.1","scacol",2023-08-22,2.06
"CHE.hi.ambi.bare.wf.08.24.1","scacol",2023-08-22,7.86
"CHE.hi.warm.vege.wf.08.06.1","scacol",2023-08-21,0.2846
"CHE.hi.warm.vege.wf.08.24.1","scacol",2023-08-21,0.2526
"CHE.hi.warm.vege.wf.08.23.1","scacol",2023-08-21,0.97
"CHE.hi.warm.bare.wf.09.23.1","scacol",2023-08-22,2.44
"CHE.hi.warm.bare.wf.09.06.2","scacol",2023-08-22,8.79
"CHE.lo.ambi.bare.wf.09.23.3","scacol",2023-08-16,8.46
"CHE.lo.ambi.bare.wf.09.06.3","scacol",2023-08-16,5.35
"CHE.lo.ambi.vege.wf.09.23.1","scacol",2023-08-16,1.1204
"CHE.lo.ambi.vege.wf.09.24.1","scacol",2023-08-16,0.348
"CHE.lo.ambi.vege.wf.09.06.2","scacol",2023-08-16,0.6625
"CHE.hi.ambi.bare.wf.09.24.1","scacol",2023-08-22,1.23
"CHE.hi.ambi.bare.wf.09.23.2","scacol",2023-08-22,1.73
"CHE.hi.ambi.bare.wf.09.06.1","scacol",2023-08-22,4.69
"CHE.hi.ambi.vege.wf.09.23.2","scacol",2023-08-21,0.5064
"CHE.hi.ambi.vege.wf.09.06.1","scacol",2023-08-21,0.3525
"CHE.hi.ambi.vege.wf.09.24.2","scacol",2023-08-21,0.3313
"CHE.hi.warm.vege.wf.09.24.1","scacol",2023-08-21,1.03
"CHE.hi.warm.vege.wf.09.23.1","scacol",2023-08-21,0.164
"CHE.hi.warm.vege.wf.09.06.1","scacol",2023-08-21,0.0114
"CHE.lo.ambi.bare.wf.10.24.3","scacol",2023-08-16,28.98
"CHE.lo.ambi.bare.wf.10.23.1","scacol",2023-08-16,31.82
"CHE.hi.warm.vege.wf.10.23.1","scacol",2023-08-21,0.1895
"CHE.hi.warm.vege.wf.10.06.1","scacol",2023-08-21,0.2142
"CHE.lo.ambi.vege.wf.10.23.1","scacol",2023-08-16,0.5055
"CHE.lo.ambi.vege.wf.10.06.1","scacol",2023-08-16,0.0723
"CHE.lo.ambi.vege.wf.10.24.1","scacol",2023-08-16,0.0845
"CHE.hi.ambi.vege.wf.10.23.1","scacol",2023-08-21,0.99
"CHE.hi.ambi.vege.wf.10.24.1","scacol",2023-08-21,1.21
"CHE.hi.ambi.vege.wf.10.06.1","scacol",2023-08-21,1.22
"CHE.hi.warm.bare.wf.10.23.1","scacol",2023-08-22,0.6425
"CHE.hi.warm.bare.wf.10.24.1","scacol",2023-08-22,2.33
"CHE.hi.warm.bare.wf.10.06.1","scacol",2023-08-22,1.68
"CHE.hi.ambi.bare.wf.10.23.1","scacol",2023-08-22,7.75
"CHE.hi.ambi.bare.wf.10.06.1","scacol",2023-08-22,9.92
"CHE.hi.ambi.bare.wf.10.24.1","scacol",2023-08-22,4.87
"CHE.hi.warm.vege.wf.01.22.1","silvul",2023-08-14,0.0767
"CHE.hi.warm.vege.wf.01.20.1","silvul",2023-08-14,0.0956
"CHE.hi.warm.vege.wf.01.11.1","silvul",2023-08-14,0.0763
"CHE.lo.ambi.bare.wf.01.20.2","silvul",2023-07-18,9.55
"CHE.lo.ambi.bare.wf.01.22.2","silvul",2023-07-18,1.1975
"CHE.lo.ambi.bare.wf.01.11.1","silvul",2023-07-19,3.14
"CHE.hi.ambi.vege.wf.01.22.1","silvul",2023-08-14,0.0187
"CHE.lo.ambi.vege.wf.01.20.1","silvul",2023-07-17,0.0122
"CHE.hi.ambi.bare.wf.01.20.1","silvul",2023-08-15,9.31
"CHE.hi.ambi.bare.wf.01.22.1","silvul",2023-08-15,13.25
"CHE.hi.ambi.bare.wf.01.11.1","silvul",2023-08-15,11.32
"CHE.hi.warm.bare.wf.01.11.1","silvul",2023-08-15,0.1711
"CHE.hi.warm.bare.wf.01.22.1","silvul",2023-08-15,2.09
"CHE.hi.ambi.vege.wf.02.11.1","silvul",2023-08-14,0.0129
"CHE.hi.ambi.vege.wf.02.20.1","silvul",2023-08-14,0.0131
"CHE.hi.ambi.vege.wf.02.22.1","silvul",2023-08-14,0.0064
"CHE.lo.ambi.vege.wf.02.20.1","silvul",2023-07-17,0.2077
"CHE.lo.ambi.bare.wf.02.22.2","silvul",2023-07-18,0.96
"CHE.lo.ambi.bare.wf.02.11.2","silvul",2023-07-18,4.61
"CHE.hi.warm.bare.wf.02.11.1","silvul",2023-08-15,2.68
"CHE.hi.warm.bare.wf.02.20.1","silvul",2023-08-15,1.79
"CHE.hi.warm.bare.wf.02.22.1","silvul",2023-08-15,1.5
"CHE.hi.ambi.bare.wf.02.22.1","silvul",2023-08-14,0.9009
"CHE.hi.ambi.bare.wf.02.20.1","silvul",2023-08-14,1.522
"CHE.hi.ambi.bare.wf.02.11.1","silvul",2023-08-14,1.24
"CHE.hi.warm.vege.wf.02.22.1","silvul",2023-08-14,0.0924
"CHE.hi.warm.vege.wf.02.11.1","silvul",2023-08-14,0.0822
"CHE.hi.warm.vege.wf.02.20.1","silvul",2023-08-14,0.0181
"CHE.hi.ambi.vege.wf.03.11.1","silvul",2023-08-14,0.0618
"CHE.hi.ambi.vege.wf.03.20.1","silvul",2023-08-14,0.0192
"CHE.hi.ambi.vege.wf.03.22.1","silvul",2023-08-14,0.0579
"CHE.lo.ambi.vege.wf.03.11.1","silvul",2023-07-17,0.4706
"CHE.lo.ambi.vege.wf.03.20.1","silvul",2023-07-17,0.105
"CHE.lo.ambi.vege.wf.03.22.1","silvul",2023-07-17,0.0083
"CHE.hi.warm.bare.wf.03.20.1","silvul",2023-08-15,0.434
"CHE.lo.ambi.bare.wf.03.11.1","silvul",2023-07-18,2.16
"CHE.lo.ambi.bare.wf.03.20.2","silvul",2023-07-18,16.88
"CHE.lo.ambi.bare.wf.03.22.2","silvul",2023-07-18,10.1
"CHE.hi.ambi.bare.wf.03.11.1","silvul",2023-08-15,1.07
"CHE.hi.ambi.bare.wf.03.22.1","silvul",2023-08-15,0.3763
"CHE.hi.ambi.bare.wf.03.20.1","silvul",2023-08-15,0.5064
"CHE.hi.ambi.bare.wf.04.22.1","silvul",2023-08-15,1.1856
"CHE.lo.ambi.vege.wf.04.22.1","silvul",2023-07-17,0.3172
"CHE.lo.ambi.vege.wf.04.11.1","silvul",2023-07-17,0.1061
"CHE.lo.ambi.vege.wf.04.20.1","silvul",2023-07-17,0.0215
"CHE.hi.warm.vege.wf.04.22.1","silvul",2023-08-14,0.045
"CHE.hi.warm.vege.wf.04.11.1","silvul",2023-08-14,0.0145
"CHE.hi.warm.bare.wf.04.22.1","silvul",2023-08-15,0.5
"CHE.hi.warm.bare.wf.04.20.1","silvul",2023-08-15,1.67
"CHE.hi.warm.bare.wf.04.11.1","silvul",2023-08-15,1.18
"CHE.hi.ambi.vege.wf.04.22.1","silvul",2023-08-14,0.0682
"CHE.hi.ambi.vege.wf.04.11.1","silvul",2023-08-14,0.0174
"CHE.hi.ambi.vege.wf.04.20.1","silvul",2023-08-14,0.037
"CHE.hi.ambi.bare.wf.05.20.1","silvul",2023-08-15,0.6097
"CHE.hi.ambi.bare.wf.05.11.1","silvul",2023-08-15,0.73
"CHE.hi.ambi.bare.wf.05.22.1","silvul",2023-08-15,2.82
"CHE.lo.ambi.vege.wf.05.22.1","silvul",2023-07-17,0.1277
"CHE.lo.ambi.vege.wf.05.20.1","silvul",2023-07-17,0.116
"CHE.lo.ambi.vege.wf.05.11.1","silvul",2023-07-17,0.2188
"CHE.hi.warm.vege.wf.05.11.1","silvul",2023-08-14,0.1946
"CHE.hi.warm.vege.wf.05.20.1","silvul",2023-08-14,0.0983
"CHE.lo.ambi.bare.wf.05.11.3","silvul",2023-07-18,8.56
"CHE.lo.ambi.bare.wf.05.22.2","silvul",2023-07-18,0.594
"CHE.hi.warm.bare.wf.05.20.1","silvul",2023-08-15,0.3282
"CHE.hi.warm.bare.wf.05.11.1","silvul",2023-08-15,1.8014
"CHE.hi.warm.bare.wf.05.22.1","silvul",2023-08-15,0.9739
"CHE.hi.ambi.vege.wf.05.11.1","silvul",2023-08-14,0.0944
"CHE.hi.ambi.vege.wf.05.20.1","silvul",2023-08-14,0.0152
"CHE.hi.warm.bare.wf.06.22.1","silvul",2023-08-15,1.99
"CHE.hi.warm.bare.wf.06.20.1","silvul",2023-08-15,2.77
"CHE.hi.warm.bare.wf.06.11.1","silvul",2023-08-15,0.41
"CHE.lo.ambi.vege.wf.06.11.1","silvul",2023-07-17,0.1244
"CHE.lo.ambi.vege.wf.06.20.1","silvul",2023-07-17,0.1049
"CHE.lo.ambi.vege.wf.06.22.1","silvul",2023-07-17,0.1239
"CHE.hi.ambi.vege.wf.06.20.1","silvul",2023-08-14,0.0926
"CHE.hi.ambi.vege.wf.06.22.1","silvul",2023-08-14,0.0115
"CHE.hi.ambi.vege.wf.06.11.1","silvul",2023-08-14,0.0209
"CHE.hi.ambi.bare.wf.06.22.1","silvul",2023-08-15,0.4613
"CHE.hi.ambi.bare.wf.06.20.1","silvul",2023-08-15,0.8773
"CHE.hi.ambi.bare.wf.06.11.1","silvul",2023-08-15,0.2898
"CHE.hi.warm.vege.wf.06.11.1","silvul",2023-08-14,0.0269
"CHE.hi.warm.vege.wf.06.22.1","silvul",2023-08-14,0.0295
"CHE.hi.warm.vege.wf.06.20.1","silvul",2023-08-14,0.0193
"CHE.hi.warm.bare.wf.07.22.1","silvul",2023-08-15,0.5436
"CHE.hi.warm.bare.wf.07.11.1","silvul",2023-08-15,0.0986
"CHE.lo.ambi.bare.wf.07.20.2","silvul",2023-07-18,0.0643
"CHE.hi.ambi.vege.wf.07.11.1","silvul",2023-08-14,0.0055
"CHE.hi.ambi.vege.wf.07.20.1","silvul",2023-08-14,0.0847
"CHE.hi.ambi.vege.wf.07.22.2","silvul",2023-08-14,0.0043
"CHE.lo.ambi.vege.wf.07.22.1","silvul",2023-07-17,0.0481
"CHE.lo.ambi.vege.wf.07.11.1","silvul",2023-07-17,0.0216
"CHE.lo.ambi.vege.wf.07.20.1","silvul",2023-07-17,0.0904
"CHE.hi.warm.vege.wf.07.11.1","silvul",2023-08-14,0.0414
"CHE.hi.warm.vege.wf.07.22.1","silvul",2023-08-14,0.0436
"CHE.hi.ambi.bare.wf.07.22.1","silvul",2023-08-15,0.2556
"CHE.hi.ambi.bare.wf.07.11.1","silvul",2023-08-15,0.7735
"CHE.hi.ambi.bare.wf.07.20.1","silvul",2023-08-15,1.0863
"CHE.lo.ambi.bare.wf.08.11.1","silvul",2023-07-18,2.16
"CHE.lo.ambi.bare.wf.08.20.2","silvul",2023-07-18,0.519
"CHE.hi.ambi.vege.wf.08.20.1","silvul",2023-08-14,0.0722
"CHE.hi.ambi.vege.wf.08.11.1","silvul",2023-08-14,0.0399
"CHE.lo.ambi.vege.wf.08.11.1","silvul",2023-07-17,0.0589
"CHE.lo.ambi.vege.wf.08.20.1","silvul",2023-07-17,0.119
"CHE.lo.ambi.vege.wf.08.22.1","silvul",2023-07-17,0.0206
"CHE.hi.warm.bare.wf.08.11.1","silvul",2023-08-15,0.0693
"CHE.hi.warm.bare.wf.08.20.1","silvul",2023-08-15,0.58
"CHE.hi.warm.bare.wf.08.22.1","silvul",2023-08-15,2.1
"CHE.hi.ambi.bare.wf.08.11.1","silvul",2023-08-15,0.96
"CHE.hi.ambi.bare.wf.08.22.1","silvul",2023-08-15,2.68
"CHE.hi.warm.vege.wf.08.11.1","silvul",2023-08-14,0.0212
"CHE.hi.warm.vege.wf.08.20.1","silvul",2023-08-14,0.0887
"CHE.hi.warm.vege.wf.08.22.1","silvul",2023-08-14,0.0642
"CHE.hi.warm.bare.wf.09.11.1","silvul",2023-08-15,0.466
"CHE.hi.warm.bare.wf.09.22.1","silvul",2023-08-15,0.4173
"CHE.hi.warm.bare.wf.09.20.1","silvul",2023-08-15,0.4936
"CHE.lo.ambi.bare.wf.09.11.1","silvul",2023-07-18,7.1
"CHE.lo.ambi.bare.wf.09.20.1","silvul",2023-07-18,10.96
"CHE.lo.ambi.bare.wf.09.22.3","silvul",2023-07-18,3.12
"CHE.lo.ambi.vege.wf.09.20.2","silvul",2023-07-17,0.1911
"CHE.lo.ambi.vege.wf.09.11.1","silvul",2023-07-17,0.1007
"CHE.hi.ambi.bare.wf.09.20.1","silvul",2023-08-14,0.71
"CHE.hi.ambi.bare.wf.09.22.1","silvul",2023-08-14,0.5468
"CHE.hi.ambi.bare.wf.09.11.1","silvul",2023-08-14,0.724
"CHE.hi.ambi.vege.wf.09.11.1","silvul",2023-08-15,0.0553
"CHE.hi.ambi.vege.wf.09.22.1","silvul",2023-08-15,0.0627
"CHE.hi.ambi.vege.wf.09.20.1","silvul",2023-08-15,0.0143
"CHE.hi.warm.vege.wf.09.11.1","silvul",2023-08-14,0.0255
"CHE.hi.warm.vege.wf.09.20.1","silvul",2023-08-14,0.0818
"CHE.hi.warm.vege.wf.09.22.2","silvul",2023-08-14,0.0068
"CHE.lo.ambi.bare.wf.10.20.2","silvul",2023-07-18,5.79
"CHE.lo.ambi.bare.wf.10.22.1","silvul",2023-07-18,1.57
"CHE.lo.ambi.bare.wf.10.11.2","silvul",2023-07-18,0.3956
"CHE.hi.warm.vege.wf.10.22.1","silvul",2023-08-14,0.19
"CHE.hi.warm.vege.wf.10.11.1","silvul",2023-08-14,0.047
"CHE.hi.warm.vege.wf.10.20.1","silvul",2023-08-14,0.035
"CHE.lo.ambi.vege.wf.10.11.1","silvul",2023-07-17,0.0943
"CHE.lo.ambi.vege.wf.10.20.1","silvul",2023-07-17,0.0439
"CHE.lo.ambi.vege.wf.10.22.1","silvul",2023-07-17,0.3643
"CHE.hi.ambi.vege.wf.10.22.1","silvul",2023-08-14,0.1147
"CHE.hi.ambi.vege.wf.10.11.1","silvul",2023-08-14,0.0644
"CHE.hi.ambi.vege.wf.10.20.1","silvul",2023-08-14,0.0179
"CHE.hi.warm.bare.wf.10.22.1","silvul",2023-08-15,0.1204
"CHE.hi.ambi.bare.wf.10.22.1","silvul",2023-08-15,0.606
"CHE.hi.ambi.bare.wf.10.11.1","silvul",2023-08-15,3.57
"CHE.hi.ambi.bare.wf.10.20.1","silvul",2023-08-15,2.75
